:020000040800F2
:10000000008000200D92000845780008477800081D
:10001000497800084B7800084D780008000000007F
:100020000000000000000000000000004F78000801
:100030005178000800000000537800086578000837
:100040005D9200085D9200085D9200085D920008D4
:100050005D9200085D9200085D9200085D920008C4
:100060005D9200085D9200085D9200085D920008B4
:100070005D9200085D9200085D9200085D920008A4
:100080005D920008000000005D92000861780008A1
:10009000557800085D9200085D9200085D920008A6
:1000A0005D9200085D9200085D9200085D92000874
:1000B0005D9200085D9200085D9200085D92000864
:1000C0005D9200085D9200085D9200085D92000854
:1000D0005D9200085D9200085D9200085D92000844
:1000E0005D9200085D9200085D9200085D92000834
:1000F0005D9200085D9200085D920008000000001B
:10010000000000005D920008000000005D92000801
:100110005D920008000000005D9200085D920008FA
:100120005D9200085D9200085D9200085D920008F3
:100130005D92000800000000000000005D920008D1
:100140005D9200085D9200080000000000000000C1
:10015000000000000000000000000000000000009F
:100160000000000000000000000000005D92000898
:100170005D92000800000000000000000000000088
:10018000000000005D920008000000000000000078
:10019000000000000000000000000000000000005F
:1001A00000000000000000005D9200085D92000861
:1001B0005D9200085D9200085D920008000000005A
:1001C000000000005D920008000000000000000038
:0801D0005D9200085D92000839
:100200000348044B834202D0034B03B118477047A5
:100210006408002064080020000000000548064B28
:100220001B1AD90F01EBA301491002D0034B03B1F4
:100230001847704764080020640800200000000090
:1002400010B5064C237843B9FFF7DAFF044B13B11E
:100250000448AFF300800123237010BD6408002020
:10026000000000002CCA000808B5044B1BB104496B
:100270000448AFF30080BDE80840CFE7000000006D
:10028000680800202CCA0008844641EA000313F0E5
:1002900003036DD1403A41D351F8043B40F8043B8D
:1002A00051F8043B40F8043B51F8043B40F8043B50
:1002B00051F8043B40F8043B51F8043B40F8043B40
:1002C00051F8043B40F8043B51F8043B40F8043B30
:1002D00051F8043B40F8043B51F8043B40F8043B20
:1002E00051F8043B40F8043B51F8043B40F8043B10
:1002F00051F8043B40F8043B51F8043B40F8043B00
:1003000051F8043B40F8043B51F8043B40F8043BEF
:1003100051F8043B40F8043B403ABDD2303211D38F
:1003200051F8043B40F8043B51F8043B40F8043BCF
:1003300051F8043B40F8043B51F8043B40F8043BBF
:10034000103AEDD20C3205D351F8043B40F8043B8F
:10035000043AF9D2043208D0D2071CBF11F8013B8D
:1003600000F8013B01D30B8803806046704700BF53
:10037000082A13D38B078DD010F003038AD0C3F162
:100380000403D21ADB071CBF11F8013B00F8013B44
:1003900080D331F8023B20F8023B7BE7043AD9D303
:1003A000013A11F8013B00F8013BF9D20B780370D8
:1003B0004B7843708B7883706046704738B505463C
:1003C0000346800702D12BE09A0708D01846013374
:1003D0000278002AF8D100F03FF9284638BD42786B
:1003E000E2B11868A0F1013222EA000212F0803F67
:1003F0000BD1184653F8044FA4F1013222EA04024B
:1004000012F0803FF5D0027942B1184610F8013F52
:10041000002BFBD100F020F9284638BD1846DAE75A
:100420002A78DDE70CB410B59CB01EAB02910691A2
:100430006FF0004104910791084953F8042B05918E
:10044000002402A901931B9400F064F9029B1C7024
:100450001CB0BDE8104002B0704700BF0802FFFFAB
:100460000EB430B59CB06FF000411FAB0491079102
:100470000A4953F8042B029000240690084D08689E
:10048000019302A905951B9400F044F9029B1C708E
:100490001CB0BDE8304003B0704700BF0000002032
:1004A0000802FFFF032A30B412D941EA0004A4076E
:1004B00084460B4621D11946604653F8044B5CF83C
:1004C000045BA54219D1043A032AF4D860461946C0
:1004D000541E7AB1431E0139021901E09A4209D033
:1004E00013F8010F11F801CF6045F7D0A0EB0C0015
:1004F00030BC7047002030BC7047541EEAE700BF94
:1005000070B50F4B0F4DAB42A3EB050607D0B610ED
:10051000002455F8043B01349847A642F9D80CF062
:1005200085FA094D094B5E1BAB424FEAA60606D081
:10053000002455F8043B01349847A642F9D870BD11
:10054000D0CF0008D0CF0008D0CF0008D8CF000807
:10055000000000000000000000000000000000009B
:10056000000000000000000000000000000000008B
:10057000000000000000000000000000000000007B
:1005800030B490F800F020F007016FF0000C10F08C
:10059000070491F820F040F048804FF000046FF01D
:1005A0000700D1E9002391F840F000F1080082FA39
:1005B0004CF2A4FA8CF283FA4CF3A2FA8CF34BBB04
:1005C000D1E9022382FA4CF200F10800A4FA8CF27D
:1005D00083FA4CF3A2FA8CF3E3B9D1E9042382FA4B
:1005E0004CF200F10800A4FA8CF283FA4CF3A2FA60
:1005F0008CF37BB9D1E9062301F1200182FA4CF298
:1006000000F10800A4FA8CF283FA4CF3A2FA8CF3FE
:10061000002BC6D0002A04BF04301A4612BAB2FA20
:1006200082F200EBD20030BC7047D1E9002304F025
:100630000305C4F100004FEAC50514F0040F91F85A
:1006400040F00CFA05F562EA05021CBF63EA0503F7
:1006500062464FF00004AAE780EA0102844612F0E5
:10066000030F4FD111F0030F32D14DF8044D11F0AB
:10067000040F51F8043B0BD0A3F101329A4312F05E
:10068000803F04BF4CF8043B51F8043B16D100BF37
:1006900051F8044BA3F101329A4312F0803FA4F1C8
:1006A00001320BD14CF8043BA24312F0803F04BF4F
:1006B00051F8043B4CF8044BEAD023460CF8013BBC
:1006C00013F0FF0F4FEA3323F8D15DF8044B704766
:1006D00011F0010F06D011F8012B0CF8012B002AA4
:1006E00008BF704711F0020FBFD031F8022B12F093
:1006F000FF0F16BF2CF8022B8CF8002012F47F4F4E
:10070000B3D1704711F8012B0CF8012B002AF9D155
:10071000704700BF2DE9F04FC3B00C4690460991D9
:1007200010930D9001F032FF036815931846FFF700
:1007300027FFA38914901A0603D52369002B01F023
:100740000D800023CDE92633119316930B930024DB
:100750000023CDE9123432AA2592934698F800304E
:10076000002B00F0AB80444604E014F8013F002B5E
:1007700000F08880252BF8D1B4EB080540F0858087
:100780002378002B00F09A804FF0000300228DF8B0
:10079000733063780A9204F101084FF0FF3A079230
:1007A00008F101089946A9F12003582B00F2938023
:1007B000DFE813F06603910091005F039100910060
:1007C00091009100910091007401590391007F0103
:1007D000A60391009F035900590059005900590080
:1007E0005900590059005900910091009100910061
:1007F0009100910091009100910091007103060118
:100800009100060191009100910091005203910026
:1008100091009E02910091009100910091000103CE
:10082000910091007D07910091009100910091004D
:1008300091009100910091009100F602460106019D
:1008400006010601EF02460191009100E5029100C8
:10085000D70261021C0215029100EF01910086018E
:1008600091009100B007A9F13003002218F8019B14
:1008700002EB820203EB4202A9F13003092BF5D906
:100880000A9290E7B4EB080518D0269A279B01320C
:100890002B44072ACBE900852793269205DC0BF130
:1008A000080B0B9B2B440B936AE709990D9825AA1B
:1008B00001F00AFD30B90DF1C80BF2E7279B002BC0
:1008C00041F0C981099B9B895B0601F128840B9843
:1008D00043B0BDE8F08FB9F1000FEFD000238DF8E1
:1008E000A0908DF873309A4601230C93CDF83CA06C
:1008F00028AD0893079B279C13F0840321460E9391
:1009000000F004849DF8733023B32698002301304F
:100910000DF173020134CBF8002007284FF00102DB
:10092000CDE92604CBF8042000F36D840BF1080B0D
:1009300083B1269801301DAB0234CBF80030072874
:100940004FF00203CDE92604CBF8043000F34E84C7
:100950000BF1080B0E9B802B00F04D830C9BAAEB38
:100960000306002E00F38983079BDE0500F1E58274
:100970000C9BCBF804301C44269BCBF80050013371
:10098000072B2794269300F3D9830BF1080B079BC1
:100990005A0705D50A9B089A9D1A002D00F3428438
:1009A000DDE90A2308998A42ACBF9B185B180B93B8
:1009B000002C40F0A183002326930DF1C80BCDE657
:1009C000109B073323F00703F3E80256109326F039
:1009D000004319931895DDE91801C04B4FF0FF3221
:1009E000CDE9125606F02EFD002840F0B785DDE96E
:1009F0001801BA4B4FF0FF3206F006FD04460028FE
:100A000040F0AC85079B23F080030793002200236E
:100A10002846314606F0EEFC002841F0CD809DF8D6
:100A20007330B9F1470FD4BFAD4DAE4D002B41F03F
:100A3000E8829A4603230C93CDF83CA0089359E72B
:100A4000079CA70640F17385109B073323F007032B
:100A50001A46596852F8083B10920A460029C0F21B
:100A60002A82BAF1000F9DF87300C1F2DC8053EACC
:100A7000020124F0800441F0D680BAF1000F01F0A9
:100A8000C68030238DF8C7305346012BB8BF0123F1
:100A9000CDE90743002840F02882D6E1109B53F8A7
:100AA000042B0A92002A80F223850A9A109352425C
:100AB0000A92079B43F00403079398F800306FE60F
:100AC000079B9A0600F19D81079B109813F0100573
:100AD00050F8041B41F00E82079E16F0400401F00E
:100AE0003080BAF1000F8DF873508BB22A46C1F2F4
:100AF000A98026F080040794002B00F076860A2B4C
:100B000075F10005C1F0318010901046764CCDF89B
:100B100020A032AD4FF0050C991841F10001A4FB63
:100B2000016727F0030606EB9706891B5E1A9A46B3
:100B3000964662F100034FF0CC3202FB06F204FB52
:100B40000322A6FB043603F001073244A7FB0C671F
:100B50007618BAF10A0F4FEA530306F130067EF118
:100B6000000E43EAC27305F8016D4FEA5202D3D278
:100B7000DDF820A032AB5B1B53450C93B8BF534646
:100B80000893002800F05D870133089300230F933A
:100B9000B0E6109C54F8045B00268DF87360002DBD
:100BA00000F05287BAF1000FC0F2E7855246314695
:100BB000284601F0E5FA9DF87330002801F04A81DB
:100BC000421B0C9222EAE2720892002B00F0E185AF
:100BD00013460133CDE90F64B24608938AE6079BBA
:100BE00043F02003079398F80030D9E5109A0021CC
:100BF00052F8040B8DF8731047F630038A45ADF8B0
:100C000074300346C0F28085079C24F0800444F0D1
:100C100002040794002800F07687109233480222DD
:100C20000F924FF0780932AD03F00F021B09825C7E
:100C300005F8012D43EA0173090953EA0102F3D1D2
:100C400032AB5B1B53450C93B8BF534608930F9BC5
:100C5000002B3FF44FAE089B0233DDE926040893D6
:100C6000079B13F08403214602460E9300F00A8688
:100C700000230F935EE6079CA5063FD4079B1098C0
:100C8000079C50F8042B13F0100340F03E8414F03E
:100C9000400100F04687BAF1000F8DF8733092B230
:100CA0001946C0F2B68524F0800307931090002AFD
:100CB0003BD1BAF1000F41F06080079B13F00103B4
:100CC000089300F0978530238DF8C730089B0C936C
:100CD0000DF1C700002305460F930BE6FFFFEF7FE2
:100CE000B4CE0008B8CE0008CDCCCCCCD8CE00080D
:100CF000079B9E0643F0100440F10584109B0733C8
:100D000023F007031A46596800238DF87330134601
:100D1000BAF1000F53F8082B1093C0F2C58424F0E9
:100D20008003079352EA0103C3D032AD02F00703F8
:100D3000D20842EA4172C908303352EA0104284617
:100D400005F8013DF2D1079A12F001020F9240F02E
:100D5000A28532AB5B1B53450C93B8BF5346089337
:100D6000C8E5079B9A0640F18484109B0B9A1B6888
:100D70001A60D2175A60109B04331093EEE498F86F
:100D800000306C2B00F0D384079A42F010020792D7
:100D900006E5079B43F04003079398F80030FFE413
:100DA000109B00228DF87320924653F8042B8DF887
:100DB000A020109398E5079B980643F0100121D4DA
:100DC000109B181D109B00251C688DF87350AA45B8
:100DD00023462A46C0F2E28621F080010791002CCA
:100DE00000F003850A2C75F10005BFF48DAE303498
:100DF0008DF8C7405346012BB8BF012310900893CC
:100E000023E01946109B073323F007031C460020FC
:100E10005A6854F8083B8DF8730082451094C0F26C
:100E2000368421F08001079153EA020100F0DE844C
:100E30000A2B72F10001BFF469AE30338DF8C73070
:100E40005346012BB8BF0123089301230C930023C1
:100E50000F930DF1C7054DE5079B43F0080307937A
:100E600098F800309CE42B238DF8733098F800300C
:100E700096E4079B43F00103079398F800308FE452
:100E80009DF8732098F80030002A7FF489AC202266
:100E90008DF8732084E4079B43F010049B063FF514
:100EA000D3AD109B181D109B10901B68DA171146CC
:100EB0000029BFF6D6AD5B4262EB42022D21BAF1AA
:100EC000000F8DF87310C0F23C8424F080000A2BD0
:100ED000079072F1000080F05E8630338DF8C730E5
:100EE0005346012BB8BF01230893089B0133089395
:100EF000ABE7079B43F08003079398F800304FE47B
:100F0000424612F8019BB9F12A0F01F0EC80A9F1D9
:100F10003003092B98BF4FF0000A00F2D48712F873
:100F2000019B0AEB8A0A03EB4A0AA9F13003092B59
:100F3000F5D94AEAEA7A904635E4B9F1650F40F30B
:100F40000981DDE912010022002306F049FA002898
:100F500000F0A881269BB84ACBF800200133013469
:100F60000122072B27942693CBF8042000F3378522
:100F70000BF1080B1E9B119A934203DB079BDD07C5
:100F80007FF505AD149B159A1C44CBE90023269BE5
:100F900027940133072B269300F346850BF1080BAA
:100FA000119B5D1E002D7FF7F2AC102D269BA34FE9
:100FB00040F3B980DDF83490DDF824A0102605E078
:100FC0000BF1080B103D102D40F3AD8001331034B0
:100FD000072BCBE90076CDE92634F1DD25AA514671
:100FE000484601F071F900287FF46CACDDE9263445
:100FF0000DF1C80BE6E70A9B089A9E1A002E7FF7B0
:10100000ADAC102E269B8D4F24DD5A462146AB46B3
:101010000D9C099D04E0103E102E02F1080216DD21
:10102000013310311020072BCDE9263117605060B5
:10103000F1DD25AA2946204601F046F900287FF473
:1010400041AC103E102EDDE9263132AAE8DC5D46C7
:101050000C46934601333444072BCDE92634CBF8B4
:101060000070CBF8046000F3D2840C9BAAEB03065B
:10107000002E0BF1080B7FF777AC102E269B6F4FDD
:101080002CDD5A462146B3460D9C2E464FF0100AE1
:10109000099D06E0ABF1100BBBF1100F02F1080245
:1010A00018DD013365481031072BC2E9000ACDE98C
:1010B0002631EFDD25AA2946204601F005F9002852
:1010C0007FF400ACABF1100BBBF1100FDDE9263162
:1010D00032AAE6DC35460C465E469346013334447C
:1010E000072BCDE92634CBF80070CBF8046000F371
:1010F000D8810BF1080B37E409990D9825AA01F066
:10110000E3F800283FF457ACFFF7DCBB0A9B089AD2
:101110009E1A002E00F33C819DF87330002B3FF4A3
:101120001DACFFF7F2BB01332C44072BCBF800704A
:10113000CBF80450CDE926347FF727AC09990D98F8
:1011400025AA01F0C1F800287FF4BCAB279C0DF163
:10115000C80B1CE4119B269E012B04F1010406F12F
:1011600001060BF1080940F358810123072ECDE950
:101170002664CBF80050CBF8043000F39F81149B19
:10118000159A01361C44072EC9E90023CDE92664CF
:1011900000F3A18109F10809119BDDE9120103F1B6
:1011A000FF3A0022002306F01BF9002840F050818E
:1011B000013601355444072ECDE92664C9F80050A4
:1011C000C9F804A000F3378109F10809169BC9F892
:1011D000043001361C44072E20ABCDE92664C9F843
:1011E0000030ABDC09F1080BFFF7D1BB09990D9872
:1011F00025AA01F069F800287FF464AB279C0DF163
:10120000C80BFFF7A7BB09990D98179325AA01F002
:101210005BF800287FF456AB279C179B0DF1C80B99
:10122000FFF786BB102D269B054F27DDDDF8349098
:10123000DDF824A010260AE0F4CE000858CA000801
:1012400048CA0008103D102D0BF1080B16DD0133C4
:101250001034072BCBE90076CDE92634F2DD25AA40
:101260005146484601F030F800287FF42BAB103D82
:10127000102DDDE926340DF1C80BE8DC01332C44D8
:10128000072BCBE90075CDE926347FF789AB0999A7
:101290000D9825AA01F018F800287FF413AB279CBD
:1012A000FFF77EBB1E99002940F364830F9F119BBB
:1012B0009F42A8BF1F46002F0BDD269B01333C44F5
:1012C000072BCBE900572794269300F314850BF1E5
:1012D000080B0F9E002FA8BFF61B002E00F35E82A6
:1012E0001E9B119A934280F21782149A1599144406
:1012F000CBE90012269A27940132072A269200F39E
:101300006B840BF1080B119A0F99D31A561A9E424F
:10131000A8BF1E46002E0EDD269ACBF804600132CF
:101320000D443444072ACBF800502794269200F34A
:10133000EF840BF1080B002EACBF9D1B1D46002D4A
:101340007FF725AB102D269B824F7FF7ECAEDDF8A3
:101350003490DDF824A0102605E00BF1080B103DB9
:10136000102D7FF7E0AE01331034072BCBE9007668
:10137000CDE92634F1DD25AA5146484600F0A4FF08
:1013800000287FF49FAADDE926340DF1C80BE6E7BB
:10139000DDE90E320E92269A6F4F102E25DD0F9545
:1013A00058460D9DC3461024984604E0103E102E6A
:1013B00000F1080015DD01321031072AC0E9007480
:1013C000CDE92621F2DD099925AA284600F07CFF07
:1013D00000287FF477AA103E102EDDE9262132A8DE
:1013E000E9DC0F9D4346D8468346501C74180728F5
:1013F000CDE92604CBF80070CBF8046000F39B82A3
:101400009DF873200BF1080B002A76D1002B40F0D9
:1014100034830E9B0F93FFF7A1BA079BD9073FF5C3
:10142000A4AE0123072ECDE92664CBF80050CBF8FB
:1014300004307FF7CBAE09990D9825AA00F044FF40
:1014400000287FF43FAADDE926640DF1C809BDE656
:10145000119B012B7FF7BAAE112B3E4F40F3018356
:10146000DDF834B0102507E009F10809AAF1100AE7
:10147000BAF1100F40F3F58201361034072EC9E996
:101480000075CDE92664EFDD099925AA584600F0DC
:101490001BFF00287FF416AADDE926640DF1C809B8
:1014A000E4E709990D9825AA00F00EFF00287FF4C3
:1014B00009AA279C0DF1C80BFFF756BA09990D9898
:1014C00025AA00F001FF00287FF4FCA9DDE92664CD
:1014D0000DF1C80953E609990D9825AA00F0F4FE0C
:1014E00000287FF4EFA9DDE926640DF1C80953E671
:1014F000109398F80030FFF753B90E9A0F9200221C
:101500000E92FFF704BA109B181D109B00211B6858
:101510008DF873108A451A46C0F27A8124F080044F
:1015200007941090002B7FF400ACFFF7C2BB079A22
:101530001098D60650F8043B00F1CA84079C10901E
:1015400065064DBF43F3C032DA17079C1BB2114644
:10155000FFF784BA58CA000848CA0008DDE912013A
:1015600002460B4605F06EFF002840F03785079BCA
:10157000BAF1FF3F43F480730E93139B00F0D883BE
:10158000B9F1670F00F04881B9F1470F00F04481CD
:10159000002BC0F2F883B9F1650F074603D0B9F10B
:1015A000660F00F07F85DDE91234CDE91A3445235A
:1015B000564608930AF1010A0223CDE9003A23AB0B
:1015C00004931FAB03931EAB02930D98DDE91A231E
:1015D00001F044FBB9F1660F054600EB0A0440F048
:1015E0008C842B78302B00F0E0841E9B1C44DDE9BA
:1015F0001A010022002305F0F3FE002840F0CF84FA
:10160000239B9C4240F2A0854622089230215A1C1E
:1016100023921970239B9C42F9D81E9A0F925B1B50
:101620001193089B472B00F02584B9F1660F40F019
:101630006885079B0F9A03F00103002A43EA06031B
:1016400040F33C85002B40F0DF840F9B08930C9304
:101650004FF06609002F00F04183089B0133089387
:101660000E9B07932D238DF873304FF0000AFFF780
:1016700041B9079BDB0600F1C580079B5F0640F17F
:10168000C180109B0B9A1B681A80FFF774BB0A2B52
:1016900072F1000480F0EB8330338DF8C730012302
:1016A00007910893FFF7D1BB0794FFF73EBBAE4805
:1016B000079B13F0200100F01A81109B073323F0E1
:1016C00007031A46596852F8083B1092079C14F019
:1016D00001020F9200F0F18053EA010240F01781FD
:1016E000002292458DF87320C0F2228124F08004FC
:1016F000079440F01D81CDF830A0CDF83CA0CDF886
:1017000020A032ADFFF7F6B8079840F0020007902E
:10171000FFF783BA9548CBE70799C8073FF5E5ADD2
:101720000F99D31A561A9E42A8BF1E4603E6079B7E
:1017300043F02003079308F1010898F80030FFF701
:101740002FB80A2B72F1000080F0248230338DF81C
:10175000C730012307940893FFF7C7BB0D984021BA
:1017600000F01CFF099B18601861002800F0D48469
:10177000099A40235361FEF7E4BF2846FEF700FFB5
:101780009DF873300C9020EAE0720892002B7FF4F1
:101790001FAACDE90F349A46FFF7ACB8102E269B4E
:1017A000734F40F3E8812246DDF834A0099C4FF0E6
:1017B000100905E00BF1080B103E102E40F3DA8102
:1017C00001331032072BCBE90079CDE92632F1DD68
:1017D00025AA2146504600F077FD00287FF472A824
:1017E000DDE926320DF1C80BE6E71090BAF1000FE3
:1017F00040F09D8400230C939A460F9332AD0893DA
:10180000FFF778B8109B0B9A1B681A60FFF7B3BA02
:1018100007941090FFF789BABAF1000F00F03482F4
:10182000002BC0F20784DDE91234CDE91A345646A4
:10183000074623AB04931FAB03931EAB0293022313
:1018400000930D980196DDE91A2301F007FA054689
:10185000079BDC0700F1EC821E9A239B0F925B1B17
:10186000D01C1193C0F297829642C0F20983934232
:1018700000F374830F9B0C9323EAE37208924FF0FA
:101880006709E7E60A9B089E9E1B002E13DC0E9B51
:101890000F93FFF74FB8302B00F0AE8030230238A3
:1018A00005F8013C32AB1B1A53450C93B8BF5346A5
:1018B0000893FFF70FBA02236EE50F9A8DF8732095
:1018C000BAF1000FFFF6AFA9079A22F08002079243
:1018D00053EA01027FF4A7A9BAF1000F7FF4A3A98C
:1018E000CDF830A0CDF820A032ADFFF703B8109AA4
:1018F00052F8043B1092079A12F010027FF4E6AE01
:10190000079911F040011CBF9BB21146DEE6302260
:101910008DF87420002292458DF87320079A8DF877
:101920007590A8BF22F0800242F0020207920222C4
:101930000F92FFF778B909990D980F9325AA00F037
:10194000C3FC00287EF4BEAF9DF87320279C0F9B3C
:10195000002A00F0CD800E9A0DF1C80BCDE90E02E1
:101960002698FEF7D4BF00BFC4CE0008D8CE00082A
:1019700058CA0008269BBF4ACBF800200133013427
:101980000122072B27942693CBF8042000F3328101
:101990000BF1080B002975D1079B119A03F0010385
:1019A00013433EF4F4AF149B15991A19CBE90013B5
:1019B000269B27920133072B269300F36F810BF1AF
:1019C000080B1199CBF8005001338C18072BCDE987
:1019D0002634CBF804107EF7D8AFFFF7AFBB0999D8
:1019E0000D9825AA00F070FC00287EF46BAF279CB0
:1019F0000DF1C80BFFF7BEBA32AB5B1B53450C931E
:101A0000B8BF5346089300230F93FEF773BF09999D
:101A10000D9825AA00F058FC00287EF453AF279CAF
:101A20000DF1C80BFEF79ABF09990D9825AA00F091
:101A30004BFC00287EF446AF279C0DF1C80BFFF746
:101A4000AFBA0F90FEF756BF5346062B28BF0623AA
:101A5000AA460893884D10940C93CDF83CA0FEF74D
:101A600049BF01365444072ECDE92664C9F80070F9
:101A7000C9F804A07FF7A8ABDDE40E9BCDE90E23E7
:101A8000FEF758BF149B15981A19CBE90003269B43
:101A900027920133072B269300F300810BF1080BEB
:101AA00000298EDA4E421031744F80F23F82DDF809
:101AB0003490DDF824A0102405E00BF1080B103E53
:101AC000102E40F3338201331032072BCBE9007420
:101AD000CDE92632F1DD25AA5146484600F0F4FB57
:101AE00000287EF4EFAEDDE926320DF1C80BE6E703
:101AF000002B00F0A1800E9B2698CDE90E230DF15E
:101B0000C80BFEF717BFBAF1000F7FF486A810923A
:101B1000CDF830A0CDF820A04FF0780932ADFFF716
:101B20009AB8BAF1000F8DF87310FFF672AE079BEA
:101B3000109023F080030793002A7FF4F6A8FFF7A4
:101B4000B8B8BAF1000F8DF873400B462246C0F2C8
:101B50008980079D25F08005079500293FF445AE53
:101B60000A2974F10004BEF4CFAF30318DF8C710EC
:101B7000FFF740B9144601333444072BCDE926342E
:101B8000CBF80070CBF8046000F396800BF1080BE3
:101B9000FFF7A6BB07940846FEF7B8BF0A2C75F1FD
:101BA000000580F0968030348DF8C74007910123FE
:101BB00010900893FFF749B92D23B9F1470F8DF81D
:101BC0007330A24654DC2E4DCDF83CA003230C9379
:101BD00004230893FEF78EBE09990D9825AA00F0FC
:101BE00073FB00287EF46EAE1E9B279C0DF1C80B84
:101BF000FFF789BB09990D9825AA00F065FB00281D
:101C00007EF460AE1E99279C0DF1C80BC2E6031E40
:101C100018BF0123CDE90743CDF830A0CDF83CA093
:101C200032ADFEF767BE0A2B72F1000180F07C82B4
:101C30003033DBB2FEF726BF0E9B0F930DF1C80BBE
:101C4000FEF78CBE0A2B75F10005BEF45DAF303196
:101C50008DF8C710ABE709990D9825AA00F034FB61
:101C6000FEF730BE0A2974F10004F0D3FEF74CBF32
:101C7000044DA9E7F4CE0008ECCE000858CA0008CD
:101C8000B4CE0008B8CE0008002BC0F2C981DDE94F
:101C900012345746CDE91A340126CAE509990D9840
:101CA00025AA00F011FB00287EF40CAEDDE92632F7
:101CB0001E990DF1C80BF3E609990D9825AA00F0BD
:101CC00003FB00287EF4FEAD279C0DF1C80BFFF747
:101CD00007BB109007911046FEF718BF9DF87330B0
:101CE000002B00F0EB80089B013308930E9B0793B9
:101CF000BA46FEF7FFBD09990D9825AA00F0E4FA4F
:101D000000287EF4DFAD279C0DF1C80BFFF7E1BA88
:101D100009990D9825AA00F0D7FA00287EF4D2ADD3
:101D20001E9B119A279CD31A0DF1C80BFFF703BB1A
:101D3000002B26DBDDE91234CDE91A3407464FF0DB
:101D4000060AB9F1650F3FF432AC00F33D81B9F1F9
:101D5000450F3FF42CAC23AB04931FAB03931EAB96
:101D60000293022300930D98CDF804A0DDE91A2315
:101D700000F074FF564605466AE500221146FEF75C
:101D8000D4BF4FF0060ADDE912341A9304F1004380
:101D90001B932D27D5E70F9BA9F10209013B8DF875
:101DA00080901E930F9B2D22C3F10103092B8DF808
:101DB000812040F396800DF19304B74E22461046E1
:101DC000A6FB0312D20802EB8201A3EB41013031E2
:101DD00000F8011C19466329134600F1FF32EEDCBE
:101DE000303302F8013C831EA34280F087810DF15D
:101DF000810213F8011B02F8011FA342F9D103F578
:101E000084736B44843B1B1A20AA9B1A1693119A65
:101E1000169B012A13440C9340F3AE800C9B149A3A
:101E200013440C9323EAE373089300230F9311E404
:101E3000DDE91A0100220023AC1905F0D1FA0028CF
:101E400040F00F81239BA34280F0788147220892C3
:101E5000FFF7DCBB1094002B00F099800AF101031E
:101E6000CDF830A0089382460F90FEF743BD07914E
:101E7000FEF74CBE0F9B03338DDB0F9B9E420ADAAD
:101E80000F9B013BA9F10209002B8DF880901E9356
:101E900021DB2B228AE7119B0F9A93425EDC079B82
:101EA000D9077FF5E7AC0F9B149A13440C9323EAF0
:101EB000E37308934FF06709FFF7CCBB0E9B0793C2
:101EC000BA46FEF717BD90464FF0000AFEF76BBC0E
:101ED0001446FEF7E8BF0F9B2D22C3F101038DF8D6
:101EE000812030338DF8833030238DF88230042305
:101EF00016938CE71946FEF765BFDDE91A0100224B
:101F0000002305F06DFA28B9239B9C423FF67EAB77
:101F1000A3EB050A1E9B0F930F9B8DF88090013B4E
:101F2000002B1E93CDF844A0B3DA3BE701333244D3
:101F3000072BCDE92632CBF80070CBF804607FF791
:101F40003EAD09990D9825AA00F0BEF900287EF44F
:101F5000B9ACDDE926320DF1C80B32E5149A119BBC
:101F600013440F9A0C93002A6EDD23EAE37308935F
:101F70004FF06709FFF76EBB079A12F001020F924C
:101F80007FF44CAF23EAE3730893FFF763BBCDF80C
:101F900030A0CDF820A00F939A46FEF7ABBC631B90
:101FA00011931E9B0F93FFF744BBDDE91A0100223A
:101FB000002305F015FA002869D01E9B0F931C44DE
:101FC000631B1193FFF735BBB9F1660F7FF4C3AE06
:101FD0004623089356460323FFF7EFBA079B23F0E7
:101FE00080030793139B13F000430F9340D02D23DE
:101FF000B9F1470F8DF873304FF0000A5CDC274DC4
:10200000E2E54FF0000ADFE5149B06EB02094B44C2
:102010000C9323EAE37308934FF06609FFF71ABBAA
:10202000DDE912341A9304F100431B932D27012696
:10203000FFF7FFBBDDE912341A9304F100431B9351
:1020400056462D27FFF7F5BB0F9B0C9AC3F10103F2
:102050001A4422EAE2730C9208934FF06709FFF7E3
:10206000F9BA1E9A0F92472223460892FFF7D7BA71
:102070009DF87330B9F1470FD4BF084D084D002BC0
:1020800042D19A4603230C930893FEF733BCCAF15E
:1020900001031E93FFF7AABACDCCCCCCBCCE00086E
:1020A000C0CE0008DDE9121246230893CDE91A12CA
:1020B00056460323FFF781BA264D85E533B9012340
:1020C00008934FF066090C93FFF7C4BA149B03F111
:1020D000010909EB06030C9323EAE37308934FF01D
:1020E0006609FFF7B7BA109998F8013051F804ABB8
:1020F000109190464AEAEA7AFEF752BB0223169301
:1021000085E6DDF844A007E703230C9304234FF092
:10211000000A0893FEF7EEBB0D9A0C2313604FF0F4
:10212000FF330B93FEF7D3BB0794FEF7EFBC3023CE
:102130008DF8C730CDF820A0FEF787BE1E9A0F920B
:1021400047220892FFF76BBA5B1B11931E9B0F93FC
:10215000FFF76FBAC0CE000838B5074D074C2C1BEF
:10216000A41005D0013C55F8043D9847002CF9D146
:10217000BDE838400AF060BCDCCF0008D8CF0008CA
:1021800001F0FF01102A2BDB10F0070F08D010F828
:10219000013B013A8B422DD010F0070F42B3F6D12C
:1021A000F0B441EA012141EA014122F007047FF045
:1021B00000070023F0E80256083C85EA010586EA9C
:1021C000010685FA47F5A3FA87F586FA47F6A5FAD8
:1021D00087F68EB9EED1F0BC01F0FF0102F00702E4
:1021E00032B110F8013B013A83EA010313B1F8D18F
:1021F0000020704701387047002D06BF3546033870
:10220000073815F0010F07D1013015F4807F02BFA8
:10221000013015F4C03F0130F0BC0138704700BFF9
:10222000830730B546D08418844604E003F8011BC8
:102230009D0704D09C46A4456346F7D130BD013AC2
:102240000244A2EB0C02032A29D9CCB204EB0424E9
:102250000F2A04EB04442FD9A2F1100C2CF00F0C20
:1022600003F11005AC44C3E90044C3E90244103350
:102270006345F8D112F00C0F02F00F0E18D02EF0BB
:10228000030C9C44AEF104051A4642F8044B624527
:10229000FBD125F0030404330EF003022344002A8B
:1022A000CCD0C9B21A4403F8011B9342FBD130BD14
:1022B0007246F4E70346C6E79646E0E70023014688
:1022C0001A46184601F054BE2DE9F84315469268A7
:1022D0002C68FAB180468946083401E00834CFB151
:1022E0006B68591E002B1746696013DD54F8046CA7
:1022F000002EF3D0334654F8082C4946404601F0EE
:1023000069FE431C07D0AA68921B1746AA600834CE
:10231000002FE5D100200023C5E90133BDE8F88393
:1023200000207047024A0349034800F00BB900BF80
:1023300028010020654D0008080000200C4B416872
:10234000994210B5044601D002F00CFDA168094B7A
:10235000994202D0204602F005FDE168064B994201
:1023600004D02046BDE8104002F0FCBC10BD00BF08
:1023700080080020E8080020500900200020704755
:102380002DE9F8432A4C2B49DFF8AC90DFF8AC80FC
:102390002B4FC4F83811002504230822294604F1E4
:1023A0005C00284EE360C4E90055C4E90455A5600B
:1023B0006566A561FFF734FF234B63670822294652
:1023C00004F1C400C4E90749C4E90987C4E91A55FE
:1023D000C4E91E552567C4F8CC50C4F88050E662A5
:1023E000FFF71EFF194BC4F8DC30294604F16803DF
:1023F000082204F59670C4F88430C4E92298C4E930
:102400002476C4E93455C4E93855C4F8D850C4F822
:102410003451C4F8E850FFF703FF04F1D003C4E9D6
:102420003C98C4E93E76C4F8EC30BDE8F88300BFC0
:1024300080080020252300089D400008C5400008B2
:1024400005410008294100080900010012000200AE
:10245000F8B5254BD3F838310646002B3CD0234F36
:10246000D7E90134013B04D51DE05A1C04F168048E
:1024700019D0B4F90C50013B002DF6D11C4BE36090
:10248000C4E90155C4E9045565662560A5610822C3
:10249000294604F15C00FFF7C3FEC4E90C55C4E90A
:1024A00011552046F8BD3D680DB12F46D8E74FF4D1
:1024B000D671304600F072F8044680B10423C0E9BA
:1024C00000530C302946A0604FF4D0722546FFF728
:1024D000A7FE3C602F46C3E7FFF752FFBFE70C2380
:1024E00038603360DDE700BF80080020280100204D
:1024F0000100FFFF436B03B17047044B044AD3F85C
:1025000038314263002BF7D13AE700BF8008002042
:102510003D230008704700BF704700BF024A0349CF
:10252000002000F00FB800BF280100202123000880
:10253000024A0349002000F005B800BF280100202E
:102540007D2300082DE9F8430746884616464FF0DC
:102550000009D6E90154013D10D4A389012B08D903
:10256000B4F90E3001332146384602D0C04749EA5B
:102570000009013D6B1C04F16804EED13668002EA1
:10258000E7D14846BDE8F883F0307047004870470F
:102590003806002000487047380600202DE9F04F2B
:1025A00001F10B05162D83B0064623D8102900F241
:1025B000B48001F06FFD102518230220C64F3B4464
:1025C000A3F108025C68944200F06C816368E268E1
:1025D000A16823F00303CA602344304691605A681F
:1025E00042F001025A6001F057FD0834204603B062
:1025F000BDE8F08F35F0070500F18F80A94200F2A9
:102600008C8001F047FDB5F5FC7FC0F0B9815FEA31
:10261000552E00F08980BEF1040F00F271814FEA5F
:10262000951E0EF1390003B20EF1380EDB00AA4FF1
:102630003B44A3F1080C5C68A44507D10DE0002AD7
:10264000E16880F229818C4507D00C46636823F04D
:1026500003035A1B0F2AF2DD7046DFF880823C69C3
:10266000444500F00681636823F0030CACEB0503DE
:102670000F2B00F38A81002BC7E9048880F2748154
:10268000BCF5007FD7F804E080F012814FEADC034C
:10269000013319B24FEA5C1C012303FA0CF357F81B
:1026A0003120A2604EEA030E07EBC103083BE36052
:1026B000C7F804E047F83140D46083104FF0010CB4
:1026C0000CFA03FCF44535D81CEA0E0F08D120F0B3
:1026D00003004FEA4C0C1CEA0E0F00F10400F8D086
:1026E00007EBC00AD6468146DEF80C300BE059688D
:1026F00021F003014A1B0F2A1C46DB6800F31081FE
:10270000002A80F224819E45F1D109F1010919F0D6
:10271000030F0EF1080EE7D162E10C2333600024B1
:10272000204603B0BDE8F08F4FF4007340204FF017
:102730003F0E7CE7BC68636823F00309A94504D316
:10274000A9EB05030F2B00F39780DFF894B1DBF8BA
:10275000002004EB09031032082002EB0508009367
:1027600002F088FBD7F808140131024605D008F1C1
:10277000FF388044414201EA080841463046009251
:1027800001F090FAB0F1FF3F009A824600F0198103
:1027900004EB0903834200F21281DBF80410414488
:1027A000CBF8041002F1FF3C00F06D81D7F808046B
:1027B000013000F0748104EB0903AAEB0303194410
:1027C000CBF804101AF00703009300F02E81C3F138
:1027D00008018A44D0440A4408EA0C01521A02EA69
:1027E0000C013046019101F05DFA421C00F0748149
:1027F0000199A0EB0A0000EB0108DBF80420C7F800
:1028000008A048F001001144BC42CAF80400CBF80B
:10281000041015D0B9F10F0F40F244816268A9F19C
:102820000C0020F0070002F0010202436260052361
:1028300022180F28C2E9013300F25681DAF80400A9
:10284000DBF82C208A42DBF8302038BFCBF82C1084
:102850008A4238BFCBF83010544620F00308A84510
:10286000A8EB050301D30F2B06DC304601F014FC66
:1028700055E7D7F804E020E7621943F0010345F07B
:10288000010565603046BA60536001F005FC08340C
:10289000204603B0BDE8F08FA2682344D1603046E3
:1028A0008A609CE6DC68A3427FF490AE0230D4E6F6
:1028B000BCF5206F4FEA5C2279D3142A00F2C58060
:1028C00002F15C031BB25B32DB00F918FB580839DC
:1028D00099420AD19FE000BF38010020400100204A
:1028E000BC0900209B68994204D05A6822F0030278
:1028F0006245F7D8D968C4E902318C60DC60DCE657
:10290000BEF1140F60D9BEF1540F00F2A8804FEA57
:10291000153E0EF16F0003B20EF16E0EDB0086E67F
:10292000D4F808C03046661945F001056560CCF85A
:102930000C30C3F808C042F00103C7E90466C6E9D9
:1029400002887360625001F0A7FB0834E8E6214476
:1029500030464A6842F001024A6054F8082FD360BA
:102960009A6001F099FBDBE6A4443046DCF80430C1
:1029700043F00103CCF8043001F08EFB0834CFE6BD
:10298000E808431C1BB2DB0018E6621943F00101A2
:1029900045F0010565603046C7E90422C2E90288B6
:1029A000516044F80C3001F077FB0834B8E64FEA88
:1029B0009C1202F139031BB23832DB0085E7BC42BE
:1029C00059D0BC68606848E70EF15C0003B20EF1B4
:1029D0005B0EDB002BE65AF80839534540F0A38024
:1029E00010F0030F00F1FF30F5D17B6823EA0C03F0
:1029F0007B604FEA4C0C9C453FF69CAEBCF1000F4F
:102A000004D197E64FEA4C0C09F104091CEA030FC4
:102A1000F8D0484664E692104FF0010C0CFA02F22E
:102A20004EEA020EC7F804E065E70AEB080101EA86
:102A30000C01521A02EA0C013046019101F032F900
:102A4000431C7FF4D5AE0099D7E6542A2ED84FEA1E
:102A50001C3202F16F031BB26E32DB0035E7BEF5AC
:102A6000AA7F2ED84FEAD53E0EF1780003B20EF1C0
:102A7000770EDB00DBE5DBF804104144CBF80410F3
:102A800002F1FF3C92E610EA0C0F7FF48FAED7F80C
:102A900008A0C84448F00100CAF80400D0E6C7F80E
:102AA00008A48FE60123CAF80430DEE6B2F5AA7F57
:102AB00024D84FEADC3202F178031BB27732DB0014
:102AC00003E740F254539E4523D8AB0C03F17D003D
:102AD00003F17C0EC300AAE5009BA3F10802904419
:102AE000A8EB0A08002188E604F10801304601F04D
:102AF00047F9DBF80410D7F808A09FE640F25453DA
:102B00009A420CD84FEA9C4202F17D03DB007C32F2
:102B1000DBE64FF47E737F204FF07E0E87E54FF4A7
:102B20007E737E22D1E67B6863E700BF0000000071
:102B30002DE9F04F03690C69A34283B0C0F28A808B
:102B4000013C01F1140500F1140855F8243058F83F
:102B5000242001339A428E4681464FEA840105EBD8
:102B6000840708EB840AB2FBF3F63AD3CDE90015EB
:102B70000022AC46404613465CF8041B05681FFA69
:102B800081FB06FB0B22090C4FEA124B06FB01BB33
:102B900092B2A9B2891A19441FFA8BF3C3EB2143ED
:102BA00003EB154389B241EA0341674540F8041B32
:102BB0004FEA1B424FEA2343DED2DDE9001558F805
:102BC000013073B9AAF1040AD04504D307E0D04517
:102BD00004F1FF3403D25AF80439002BF7D0C9F8B6
:102BE00010407146484601F05DFE00282EDB41464C
:102BF000002255F8040BD1F800C01FFA80FE1FFA1E
:102C00008CF3A3EB0E031344020CC2EB234202EB42
:102C10001C429BB243EA0243AF4241F8043B4FEAF5
:102C20002242E6D258F8242008EB84036AB9043B18
:102C3000434504D807E0984504F1FF3403D253F824
:102C40000429002AF7D0C9F810400136304603B0F5
:102C5000BDE8F08F002003B0BDE8F08F2DE9F04F04
:102C6000816B9FB016461F46CDE904672B9D044635
:102C700041B1C26B4A60012393408B6001F03CFB81
:102C80000023A363B7F10009B4BF012300232B6025
:102C9000B34BBCBF29F00049CDF8149033EA0903C7
:102CA00000F0A380DDE9042310461946002200232A
:102CB000CDE9020104F094FB824668B12A9A01230F
:102CC00013602C9B13B12C9AA64B1360A64B079351
:102CD00007981FB0BDE8F08F1CAB01931DAB0093AC
:102CE0002046DDE9022301F03DFF5FEA1955DDF8DA
:102CF0007080099040F08F801D9D454405F232435D
:102D0000202B40F32C82C3F1400309FA03F905F2AA
:102D1000124326FA03F349EA030004F07FF8012284
:102D2000013DA1F1F8731092194600228F4B03F078
:102D300037FF85A3D3E9002304F0EAF884A3D3E99D
:102D4000002303F02FFF064628460F4604F076F8CE
:102D500081A3D3E9002304F0DBF802460B4630469A
:102D6000394603F01FFF06460F4604F081FB0022A0
:102D70008146089000233046394604F03BFB00288A
:102D800040F01381A8EB0508089D162D08F1FF3BC4
:102D900000F2F680764A02EBC503D3E90023DDE9B1
:102DA000020104F027FB002840F0D381B8F1000FA6
:102DB00040F38C850D90AB440C950A9000230B9347
:102DC000289B092B3BD8052BC4BF043B2893289B89
:102DD000A3F10203CCBF00250125032B31D8DFE886
:102DE00013F0F002ED02E202C7012A9AC9F31309B7
:102DF00042F20F7359EA0609136019D12C9B002B7C
:102E000000F041875B4B079308332C9A07981360B7
:102E10001FB0BDE8F08FDDE90201C1F3130343F0F9
:102E20007F53A5F2FF35CDF840A043F440137BE774
:102E30002C9B002B40F098814F4B079348E70023D1
:102E400028930025E5632946204601F02FFA0790D4
:102E5000002800F0B286079BA3631D9B002BC0F2E5
:102E6000B280089A0E2A00F3AE80414B03EBC203F6
:102E7000D3E90067DDE9028932463B4640464946D0
:102E8000CDE9046704F06EF904F0F2FA054603F0A8
:102E9000D5FF32463B4604F03BF80B460246494616
:102EA000404603F07DFE05F13003079D05F8013B28
:102EB0004FF0FF3A02944FF001095446DDE904ABAC
:102EC0001DE052465B463046394604F04BF904F0AB
:102ED000CFFA804603F0B2FF52465B4604F018F882
:102EE00009F101090B4602463946304603F058FE07
:102EF00008F13003A14505F8013B00F045851F4B63
:102F0000002204F005F80022002306460F4604F0D4
:102F100067FA0028D5D0089F029C0137AB46099973
:102F2000204601F0E9F900238BF800302A9B1F604E
:102F30002C9B002B3FF4CCAE0798C3F800B01FB019
:102F4000BDE8F08FAFF3008061436F63A787D23F86
:102F5000B3C8608B288AC63FFB799F501344D33F88
:102F60000000F07FF5CE0008F4CE00080000F83F26
:102F700078CA0008F8CE000804CF000800002440FA
:102F800001230D93BBF1000FC0F2DD8000230A93F3
:102F9000089B002B80F2D4800A9A089BD21A5B42CD
:102FA0000B9300230A920C930AE7484603F046FF6E
:102FB00032463B4604F014FA00287FF4E3AE09F1F0
:102FC000FF330893DEE64FF0FF3A2995CDF850A085
:102FD000109A002A40F0F8811C9B0B9FC3F1360326
:102FE0000A9A01212046D5189B4401F0A3FA0A9AB7
:102FF0000646002A40F084830B9B002B00F0F983E7
:10300000002F40F0DD830B9A0999204601F076FBF2
:10301000012309900B930121204601F08BFA0C9BB0
:103020000290002B40F00783289B012B40F38E83F6
:103030000120584410F01F0000F0CE81C0F12003A1
:10304000042B40F39C830A9BC0F11C0003440544FD
:103050000A938344002D05DD09992A46204601F094
:10306000ADFB0990BBF1000F05DD02995A462046E1
:1030700001F0A4FB02900D9B002B40F0F282BAF10C
:10308000000F40F3B3820B9B002B40F00082089F9F
:103090000137DDF81C80DDF824B0DDF8089001254B
:1030A00007E0594600230A22204601F02FF9013596
:1030B000834649465846FFF73BFD554500F1300031
:1030C00008F8010BEDDB079BCDF824B0BAF1000F37
:1030D0000AF1FF3503F10102D8BF002505EB020A12
:1030E0008146002509990122204601F067FB0299DB
:1030F000099001F0D7FB002840F37E83079A02E095
:10310000924500F08483D3460AF1FF3A1BF8013C54
:10311000392BF5D001338AF800300299204601F0AE
:10312000EBF8002E3FF4FBAE2DB1B54203D029469B
:10313000204601F0E1F83146204601F0DDF8EEE6E8
:103140009B440C933AE6C8F101030A934FF0000B3D
:103150001EE7089B013B089300230D9312E7C3F180
:10316000200306FA03F0D8E59F4B079303334CE6A0
:1031700001231293299B089A134403F1010A56462E
:10318000012E1493B8BF0126172E40F36C8501223F
:1031900004235B0003F11400B042114602F1010266
:1031A000F7D9E163204601F081F80790002800F08C
:1031B0000485BAF10E0FA06300F22481002D00F007
:1031C0002181089A002A40F35883884902F00F03AE
:1031D00001EBC303D105D3E900674FEA221540F1A3
:1031E000F183834BDDE90201D3E9082303F0BAFF41
:1031F000CDE90E0105F00F054FF0030985B1DFF8A9
:10320000F081EA0740F1E48030463946F8E80223CD
:1032100003F07EFE6D1009F1010906460F46F0D15C
:10322000DDE90E0132463B4603F09CFFCDE90E017D
:103230000D9B53B1DDE90E676E4B002230463946D7
:1032400004F0D8F8002840F06B84484603F0F6FDFF
:10325000DDE90E2303F05CFE674B002203F0A2FCC5
:103260000646A1F15077BAF1000F00F0E382089B07
:103270001B93CDF854A05D4B15991A9303EBC10332
:1032800053E90212CDE91867DDE90E56CDE91612B1
:103290002846314604F0ECF800F130035FFA83F879
:1032A00003F0CCFD0B4602463146284603F078FC7D
:1032B000079B0F4612995D1C06460E95002900F0EB
:1032C000B483DDE916234D49002003F04BFFDDE90F
:1032D000182303F065FCDDF81CC002460B46CDE95F
:1032E00012238CF8008032463B4604F0A1F80028F7
:1032F00040F07784CDF858B00E94DDF854B0CDF896
:1033000054A04FF00009AA46DDE912452CE009F16E
:103310000109D94580F2D081394B20462946002247
:1033200003F0F6FD364B002204460D463046394682
:1033300003F0EEFD0F46064604F09AF8804603F0CF
:103340007DFD02460B463046394603F029FC08F164
:1033500030080AF8018B22462B4606460F4604F039
:1033600049F8002840F03B8432463B462149002082
:1033700003F016FC22462B4604F03CF80028C6D089
:103380001B9E0E9C079A5546013602E0954200F0BE
:10339000F683AB4615F8013D392BF7D00133DBB28C
:1033A0002B703746BBE501231293299B002B40F37A
:1033B000B681299B14939A461E46E5E60023129394
:1033C000D8E600231293F0E70B9F03F2334307E69E
:1033D0006D1008F1080814E71C230A9A1A441D44CA
:1033E0000A929B4436E600BF04CF000878CA000862
:1033F00068CB00080000F03F00001C400000E03FE8
:10340000000024401D9B002BC0F24781089A0E2A21
:1034100000F34381A64B1A93089A1A9B03EBC2034D
:10342000D3E90023CDE90423299B002B80F2D1822C
:10343000BAF1000F00F3CD8240F015829D4B0022BF
:10344000DDE9040103F064FD02460B46DDE90201FB
:1034500003F0DAFF5146002840F00682DDF81CB088
:1034600031230BF8013B204600F046FF089F02374E
:1034700055E5314600230A22204600F047FF149B01
:10348000002B064640F3E583DDF850A008950A9B23
:10349000002B05DD31461A46204601F08FF906461D
:1034A0000C9B002B40F05982B046079D05F1FF3B75
:1034B0000BEB0A030B93049BDDF824B003F001032C
:1034C0000C9302995846FFF733FB31468246584623
:1034D00001F0E8F9029907464246204601F002FA57
:1034E000C3680AF130090146002B36D10A905846CC
:1034F00001F0D8F90A990990204600F0FDFE099BD9
:10350000002B58D1289B1BB90C9B002B00F08A8301
:10351000002FC0F24F830B9BAA469D420AF8019BE5
:1035200000F07B82594600230A22204600F0EEFE7E
:103530004645834631464FF000034FF00A022046CD
:1035400033D000F0E3FE4146064600230A2220461F
:1035500000F0DCFE55468046B3E72046CDF824B0A7
:1035600000F0CAFE002F06DB049B03F00102289B3B
:103570001F433A432CD109990122204601F01EF93C
:103580000299099001F08EF9002840F32F83B9F1D8
:10359000390F00F0F7820AF13109AB46089F0BF8AA
:1035A000019B354601374646B7E500F0AFFE55466C
:1035B0000646804685E7002FC0F20683289A174307
:1035C0000C9A174300F00083002BA4DDCDF824B043
:1035D000B9F1390F00F0D682AB46089F09F101031B
:1035E00035460BF8013B0137464696E5289B022BF2
:1035F0007FF749ADBAF1000F40F09181029953462F
:103600000522204600F082FE01460290099801F052
:1036100049F9002840F38381DDF81CB00299312379
:103620000BF8013B204600F067FE089F0237002E92
:103630007FF481AD73E41A460146204601F05EF83E
:10364000289B0290012B40F37B8100230C93029A6C
:10365000136902EB8303186900F002FFC0F1200038
:10366000E7E40299099801F01DF90028BFF607ADBB
:1036700000230999089D0A22204600F047FE0B9B73
:103680000990013D002B7FF4F4AE149B002B40F316
:10369000D582089FDDF850A0FBE4129AB2B90A9BCC
:1036A000002B71D10B9B002B7FD11D461E46B2E42F
:1036B00078CA0008000014401D9B0E9C002BDDE919
:1036C00015AB03DB089A0E2A7FF7A6AE289A012ACB
:1036D0007FF77EAC0B9B0AF1FF37BB42C0F2FF8045
:1036E000BAF1000FA3EB070780F2A5820121204663
:1036F0000A9D00F01FFFA5EB0A080646CDF82880BA
:10370000BBF1000F7FF778AC0A9A5A451346A8BF61
:103710005B46D21AED1A0A92ABEB030B6CE4002164
:10372000E163204600F0C2FD0790002800F04582CA
:10373000079BA363002D40F0FF801D9B002BC0F270
:103740006A8201221492299292465FE6049B002B22
:103750007FF46EAC059BC3F31303002B7FF468ACBE
:10376000059B23F000431B0D1B05002B3FF460ACB1
:10377000012301350BF1010B0C93184659E43FF47A
:1037800069ACC0F13C0328E6BBF1000F00F0B48146
:103790000A9A0B9E5A451346A8BF5B46D51AABEB57
:1037A000030B0A95002E3FF436AC0B9A099920467C
:1037B00000F0A4FF00230A9D09900B931E462AE403
:1037C00031463A46204600F099FFDDF82490014644
:1037D0004A460646204600F0DBFE49468046204623
:1037E00000F08AFD0B9BCDF82480DB1B0B937FF44C
:1037F0000AAC01230B930EE403D119F0010F7FF4FF
:103800007DACD3461AF8013D302BFAD085E4079AF7
:1038100031230137137080E4484603F00FFBDDE9E4
:103820000E2303F075FBB84B002203F0BBF90646EC
:10383000A1F15077B54B0022DDE90E0103F0B0F99C
:1038400032463B468046894603F0F2FD002840F0B0
:10385000A48140464946324607F1004303F0CAFDC1
:1038600000283FF4CFAD0021204600F045FD299B04
:10387000DDF81CB05F42FFF752BB00F07881089B77
:10388000A34A5D4205F00F0302EBC303D3E9002313
:10389000DDE9020103F03CFB2D11CDE90E0100F042
:1038A000DE819C4E4FF00209EB070CD5DDE90E01DD
:1038B000F6E8022303F02CFB6D10CDE90E0109F1AF
:1038C0000109F1D1B4E46D100836EDE7C8F1010348
:1038D0000A93089B0D909B460C93FFF76FBA0B9BC6
:1038E0000C9ADDF82880FB1A1A44012120460C921C
:1038F00000F020FE4346D34408EB0A0506460B972A
:10390000002B3FF480AB0A9A5A451346A8BF5B468A
:10391000D21AED1A0A92ABEB030BFFF774BB0299B4
:10392000204600F0E9FC299BDDF81CB05F42002E28
:103930007FF401ACFFF7F3BA14952995AA4640E449
:10394000049B002B7FF481AEDDE90412C2F3130364
:10395000002B00F052810C9179E67168204600F04E
:10396000A5FC0546002800F08781336902339A00E0
:1039700006F10C010C30FCF787FC29460122204699
:1039800000F01CFF804690E5029C02460B4603F0C7
:1039900009F9089FDDE90423013782468B463E463C
:1039A00003F046FD48B9DDE904235046594603F0CB
:1039B00017FD20B118F0010F01D0079AE9E4AB46DA
:1039C000FFF7ADBADDE902234FF00209CDE90E237E
:1039D00014E4079B01330E93DDE90256DDE904236D
:1039E0002846314603F0BEFB03F042FD804603F05B
:1039F00025FADDE9042303F08BFA02460B4628463C
:103A0000314603F0CDF8079A0E9D08F13003BAF164
:103A1000010F13707FF44EAAB7E7089FCDF824B0CA
:103A2000354601374646FFF75DBBDDE91823DDE982
:103A3000160103F06DFA079B83F80080159B012B9C
:103A4000CDE9100123D0079B159ADDF8388003EBF0
:103A50000209314B00223046394603F059FA0F462D
:103A6000064603F005FD054603F0E8F93035024649
:103A70000B463046394603F093F808F8015BC84519
:103A800006460F46E5D10E9B5D1E159B1D44DDE9E4
:103A90001089224B00224046494603F083F8324603
:103AA0003B4603F0A7FC002840F0948042464B467A
:103AB0001A49002003F074F832463B4603F0B8FC84
:103AC00080B91D9B002BFFF6EAAD089B0E2B3FF73C
:103AD000E6AD1A9B089A03EBC207D7E90023CDE9AC
:103AE000042379E7AB46013D1BF8013C302BF9D0AC
:103AF0001B9F0137FFF713BA0B9E002E7FF455AEC4
:103B00000A9DFFF788BA00BF00001C400000144067
:103B100078CA000868CB0008000024400000E03F9D
:103B2000BAF1000F3FF478AE149D002D7FF76AAC18
:103B3000089B013B0022304639461B93544B03F04F
:103B4000E7F906460F4609F10100CDE90E6703F0DB
:103B500075F932463B4603F0DBF94E4B002203F089
:103B600021F815950646A1F15077FFF784BBDDE9F2
:103B700002234FF00209CDE90E23FFF759BB0136AE
:103B800031230DE4AA46089F079A392335460AF8DF
:103B9000013B01374646FFF7B6BADDF81CB03123CA
:103BA0000BF8013B0021204600F0A6FB089F0237DE
:103BB000FFF7B5B9CDF824B0EFE4374B3748002212
:103BC00040F2AF1100F04CFB002BCDF824B03FF7D2
:103BD000D2ACE2E41B9E079A0136FFF7DABB0E9CDB
:103BE00055461B9FAB460137FFF799B97FF4D5AC1B
:103BF00019F0010F7FF4CBACCFE4059B23F0004319
:103C00001B0D1B05002B3FF421AD012301350BF1EA
:103C1000010B0C931BE5129B4BBB012314932993BF
:103C20009A463CE5B9F1390FCDF824B0AAD0002F5F
:103C30003FF7B1ACB1E45346FFF7D2B9289A022A54
:103C400003DC089F9A46FFF724BA0895DDF850A0D8
:103C5000D0E4289A0895022AF8DC9A4617E44FF037
:103C60000209FFF7E5BA0021E163FFF79BBA129B57
:103C700029939A4614932DE5074B08482A4640F2AB
:103C8000EF2100F0EDFA064B0793FFF721B800BFD4
:103C90000000244000001C4008CF00081CCF000892
:103CA000F8CE000838B5074D0022044608462A60C1
:103CB00002F05AFF431C00D038BD2B68002BFBD00C
:103CC000236038BD840B00202DE9F8430646082008
:103CD000894601F0CFF8DFF89C800546304600F0B9
:103CE000D9F9D8F808305F6827F00307A7F1110465
:103CF000A4EB09042C44B4FBF5F4013C05FB04F4EB
:103D0000A54208DC00213046FFF7CCFFD8F8083088
:103D10003B44984205D0304600F0BEF90020BDE893
:103D2000F88361423046FFF7BDFF01300FD0124AE1
:103D3000D8F808303F1B47F001075F601368304632
:103D40001B1B136000F0A8F90120BDE8F8830021D7
:103D50003046FFF7A7FFD8F80820831A0F2BDADDCB
:103D600043F001035360054B03491B68C01A086008
:103D7000D1E700BF38010020C00900204005002025
:103D800000295BD0F8B50C46074600F083F954F8DB
:103D900004CC744DA4F108022CF00103D118A868DA
:103DA0004E68884226F003060CF0010E7ED088197A
:103DB0004E60406800F00100BEF1000F2FD154F8B2
:103DC000084C121B2344946805F1080C644562D02A
:103DD000D2F80CE0C4F80CE0CEF8084000287FD000
:103DE00043F0010050600B60B3F5007F2FD2D9087B
:103DF00068685C090131012309B2A34003436B6089
:103E000055F83100906005EBC103083BD36045F8DD
:103E10003120C2603846BDE8F84000F03DB970B9C5
:103E2000334405F1080C8868604543F0010471D003
:103E3000C968C16088605460D350D5E770474CF0C2
:103E40000101B3F5007F44F8041CD350CFD3B3F580
:103E5000206F4FEA532045D2980900F1390109B289
:103E600000F13804C900681869580838884203D13D
:103E700057E08968884204D04C6824F003049C42CF
:103E8000F7D8C868C2E9021082603846CA60BDE847
:103E9000F84000F001B988BB1E44D1E90213CB60A1
:103EA000996046F0010353609651B3E71E44BEF19A
:103EB000000F07D154F8083CD21A1E44D2E902136D
:103EC000CB60996046F001035360274BAA601B68E2
:103ED000B3429FD8254B38461968FFF7F5FE99E79E
:103EE0003344A0E714280ED9542821D8180B00F128
:103EF0006F0109B200F16E04C900B4E743F001009C
:103F000050600B6086E700F15C0109B200F15B04D0
:103F1000C900A8E7C5E90422C2E902CC5460D35025
:103F200078E76E68A4100123A34033436B60A9E7D0
:103F3000B0F5AA7F07D8D80B00F1780109B200F1DB
:103F40007704C9008FE740F25451884206D8980C94
:103F500000F17D0100F17C04C90084E74FF47E711B
:103F60007E2480E73801002044050020BC090020A1
:103F700070B4164D2C681CB365681F2D23DC38B94E
:103F8000AB1C0135656044F82310002070BC7047FD
:103F900004EB850C0228CCF88820D4F888614FF017
:103FA000010202FA05F246EA0206C4F88861CCF87A
:103FB0000831E5D1D4F88C311343C4F88C31DFE7F4
:103FC000034C2C60D8E74FF0FF30DFE7F00900200A
:103FD000F40900202DE9F0478F681D46AF420B68B9
:103FE0000C46164636D8B1F90CC01CF4906F0ED1B1
:103FF0003D46184631462A4600F09AF8A368DF1B72
:104000002368A7602B4400202360BDE8F0874A693D
:10401000096902EB42025F1A02EBD2726B1C52106A
:104020003B44934292BF914699461A461CF4806FD6
:10403000804611D01146FEF7B1FA824600B32169DD
:104040003A46FCF721F9A38923F4906343F08003F7
:10405000A38105E02F46CCE701F08AF8824658B1EB
:104060000AEB0703A9EB0707A760C4F810A0C4F880
:10407000149023602F46BCE721694046FFF780FE7D
:10408000A3890C2243F04003C8F800204FF0FF3012
:10409000A381BAE7704700BF704700BF10B50C4658
:1040A000B1F90E1000F0D0FE002803DB236D0344AD
:1040B000236510BDA38923F48053A38110BD00BFE5
:1040C000002070472DE9F0410C46B1F90C101F4655
:1040D000CB05054616460BD421F48051A1813B4601
:1040E000B4F90E1032462846BDE8F04100F0F6BEA5
:1040F000B4F90E100223002201F0DEF9B4F90C101D
:10410000EAE700BF10B50C46B1F90E1001F0D4F982
:10411000B4F90C30421C0EBF23F4805343F4805397
:104120002065A38110BD00BFB1F90E1000F0ECBEF8
:104130008842F0B514D98B18834211D9032A00EBB9
:10414000020166D802F1FF3C4AB16FEA0C0C0A4644
:104150009C4413F8011D02F8011D6345F9D1F0BD1F
:10416000032A0FD8034602F1FF3C002AF7D00CF1D6
:10417000010C013B8C4411F8012B03F8012F614520
:10418000F9D1F0BD41EA00039B073ED10F2A64D963
:10419000A2F1100301F1100423F00F032031A44613
:1041A000194400F1100E5CF8105C4EF8105C5CF8DD
:1041B0000C5C4EF80C5C5CF8085C4EF8085C5CF833
:1041C000045C4EF8045C0CF1100C8C450EF1100EE2
:1041D000E9D1E11812F00C0F034402F00F0E03F1C5
:1041E000100338D02EF00305043D1A1F5E198C46CB
:1041F0005CF8044B42F8044FB242F9D10431043365
:1042000029442B440EF00302ADE702F1FF3C0346C4
:10421000ADE741EA0304A4071F4602D002F1FF3CC8
:1042200093E7A2F1040E2EF003068E1B4FEA9E0EBA
:104230008C46644653F8045D4CF8045DB442F8D1F2
:10424000CEEB8E7301EB830107EB83073B1F043931
:1042500002F0030276E7724685E703469646C1E719
:1042600000B50B4C25681446EE681A4685B0034627
:104270000D464CB107490095CDE901143046064979
:1042800000F0CEFD00F052FE04490C46F3E700BFFB
:104290000000002048CF000858CF000854CF000885
:1042A00008B513460022FFF7DBFF00BF436C70B573
:1042B00005460C464BB153F8240080B1026843F820
:1042C00024200023C0E9033370BD2122042100F023
:1042D00035FE034668640028EDD1002070BD012141
:1042E00001FA04F6721D9200284600F027FE00280D
:1042F000F3D0C0E90146E4E731B1436C4A6853F8B2
:104300002200086043F82210704700BF2DE9F041F9
:104310000D6907460E461C4601F1140E0020DEF81A
:1043200000108BB202FB03434FEA134C090C02FB53
:1043300001CC01309BB203EB0C4385424EF8043BA9
:104340004FEA1C44EBDC3CB1B368AB4207DD06EB43
:10435000850301355C6135613046BDE8F0817168E7
:1043600038460131FFF7A2FF8046A8B13269023218
:1043700006F10C0192000C30FBF786FF7B6C726833
:1043800053F82210316043F82260464606EB85035D
:1043900001355C613561DFE7024B03484246BA21D3
:1043A000FFF75EFF08CF000888CF00082DE9F8432B
:1043B0001746284A1E4608330C46092E82FB031274
:1043C0004FEAE3730546C3EB62033ADD4FF0010C9D
:1043D00000214FEA4C0C634501F10101F9DC28464C
:1043E000FFF764FF014670B3089B4361092F4FF04C
:1043F0000103036112DC0A340927BE420BDDF61B00
:10440000264414F8013B0A22303B2846FFF77EFF82
:10441000B4420146F5D10846BDE8F88304F1090825
:1044200004EB0709444614F8013B0A22303B2846B6
:10443000FFF76CFF4C450146F5D1B844A8F10804DC
:10444000DBE70021CBE70A46034B0448D321FFF703
:1044500007FF00BF398EE33808CF000888CF000877
:10446000B0F5803F034636BF030400201020B3F1AF
:10447000807F3CBF1B020830B3F1805F06D3B3F1ED
:10448000804F0FD29A0012D4033070471A01B2F154
:10449000804F00F1040006D29B0108D45B00F3D4E6
:1044A000202070471A46002AFBDB0130704702309B
:1044B000704700BF03685907024607D0D8071DD4CC
:1044C00099072AD55B0813600120704799B279B922
:1044D0001B0CD9B2A1B11020190701D104301B095E
:1044E000990712D0D90701D401305B0813607047D7
:1044F000D9B241B1180718D10420F0E70020704765
:1045000018201B0AE8E70820FBE713F0040F4FEA26
:10451000930106D002300B46E8E79B0813600220A7
:104520007047DB0804D120207047DB080320DDE75B
:104530000330DBE738B5436C04460D464BB1586891
:10454000B0B102685A6000220123C0E9032345612B
:1045500038BD2122042100F0F1FC034660640028EC
:10456000EDD1094B0948002240F24511FFF778FED2
:104570001C220121204600F0E1FC0028F1D001229C
:104580000223C0E90123DEE708CF000888CF000836
:104590002DE9F04FD1F810801569A84585B00E4679
:1045A000924605DB2A46534645468A4690461E46B5
:1045B000DAF80830DAF8041005EB0804A342B8BFB3
:1045C0000131FFF773FE8446002800F08C8000F173
:1045D000140707EB840E774505D23B46002243F8CB
:1045E000042B9E45FBD8143606EB88080AF1140903
:1045F000464509EB850567D2A5EB0A03153B0AF191
:10460000150A23F00303AA4594BF9B464FF0000B05
:10461000CDF808E00394AE46E24605E0090C2BD144
:10462000B04507F104074CD956F8041B8DB2002D94
:10463000F4D0CC463C46002301965CF8040B21687C
:1046400086B28AB2000C05FB0622090C1A4405FB4F
:10465000001101EB124192B242EA0142E64544F8F0
:10466000042B4FEA1143E8D807EB0B02019E53607D
:1046700056F8041C090CD3D03B68002248461D465E
:104680003C469446028801FB02C202EB15429BB2F3
:1046900043EA024344F8043B50F8043B25684FEAE0
:1046A000134CABB201FB0C3303EB124386454FEACC
:1046B000134CE7D807EB0B02B045536007F1040732
:1046C000B2D8DDE902E4D446002C02DC05E0013C6E
:1046D00003D05EF8043D002BF9D06046CCF81040C2
:1046E00005B0BDE8F08F034B034862464FF4B1714B
:1046F000FFF7B6FD08CF000888CF000812F00303CB
:104700002DE9F0411446074632D10E46A4102CD0B4
:104710003D6C002D35D004F001034FF0000864100B
:104720003BB92868B8B1054604F001036410002BBA
:10473000F7D02A4631463846FFF72AFF36B17B6C60
:10474000716853F82120326043F8216074B1064645
:1047500028680028E7D12A4629463846FFF718FF7F
:104760002860C0F800800546DEE73046BDE8F081ED
:10477000013B0F4A52F823200023FFF7C7FD0646EE
:10478000C4E701213846FFF791FD054640B10123FA
:1047900040F27122C0E90432002338640360BAE7B2
:1047A000044B05482A4640F24511FFF759FD00BF6A
:1047B00068CA000808CF000888CF00082DE9F04734
:1047C0000C4690462769A368496807EB62177D1C71
:1047D0009D4206464FEA621904DD5B009D4201F1ED
:1047E0000101FADC3046FFF761FD844600284ED017
:1047F000B9F1000F00F114000BDD09F105020CEB1B
:1048000082020346002143F8041B9342FBD100EBD4
:104810008900216904F1140318F01F0803EB8101DA
:104820002DD0C8F1200986464FF0000A1A6802FA16
:1048300008F242EA0A024EF8042B53F8042B99427C
:1048400022FA09FAF2D80B1B153B23F0030304F1FB
:104850001502914238BF0023043340F803A0BAF197
:10486000000F00D13D46736C6268CCF8105053F8CD
:1048700022102160604643F82240BDE8F0870438EA
:1048800053F8042B40F8042F9942F9D8EAE7034B78
:10489000034862464FF4EF71FFF7E2FC08CF0008CF
:1048A00088CF00080B6984460069C01A15D10CF145
:1048B000140C14310CEB830210B401EB830301E000
:1048C000944508D252F8044D53F8041D8C42F7D099
:1048D00004D24FF0FF3010BC70477047012010BC6D
:1048E000704700BF2DE9F04F13690E69F61A002ECC
:1048F00083B08946154614D101F1140702F1140161
:1049000001EB830107EB830301E09F427ED253F862
:10491000044D51F8042D9442F7D080F08480012694
:1049200003E0FCDB00260D4691466968FFF7BEFCFC
:104930000146002800F084802F69C660D9F8100075
:1049400005F1140B05F1100201F1140A09F1140527
:1049500005EB80000BEB870ED0460023CDF804B0AA
:10496000944655F8046B5CF8042F1FFA86FB94B24A
:10497000A4EB0B041C44330CC3EB124303EB2443A2
:10498000A4B244EA0344A84248F8044B4FEA234344
:10499000E7D82646A0EB0904153CDDF804B024F066
:1049A000030409F11509484538BF00240BEB040244
:1049B000043204EB0A05964505F10404104636D985
:1049C000AAEB0B0A00EB0A0C50F8045B13FA85F60D
:1049D0002B442D0C05EB26459BB243EA0546864544
:1049E000CCF800604FEA2543ECD80EF1FF339B1A58
:1049F00023F00303234426B953F8042D013F002A72
:104A0000FAD008460F6103B0BDE8F08F0021FFF730
:104A10004DFC014668B101220023C0E90423084689
:104A200003B0BDE8F08F2B464D4699467DE72B46F7
:104A3000E1E70A46064B074840F23721FFF710FC32
:104A40000A46034B034840F24521FFF709FC00BF2B
:104A500008CF000888CF0008114B0B40A3F150731A
:104A6000002B03DD00221946104670475B42B3F16C
:104A7000A07F4FEA235206DA4FF4002313410022AD
:104A8000194610467047A2F114031E2BDABF4FF0EF
:104A90000042DA400122002319461046704700BF49
:104AA0000000F07F2DE9F843066900F1140808EBD7
:104AB0008606A6F1040956F8047C3846FFF7D0FCB8
:104AC000C0F120030A280B6033DDC845A0F10B02BA
:104AD00019D256F8083C22B3C2F12001974023FABC
:104AE00001F007439340A6F1080247F07F55904537
:104AF00045F4401519D256F80C2CCA4013431846F9
:104B00002946BDE8F8830B280AD007FA02F242F0E2
:104B10007F5545F44015002318462946BDE8F88323
:104B2000002347F07F5545F4401518462946BDE857
:104B3000F883C0F10B0327FA03F2C84542F07F5512
:104B40003CBF56F8082CDA4000F1150328BF0022BC
:104B500007FA03F345F44015134318462946BDE808
:104B6000F88300BFF0B5012183B016461F46FFF75A
:104B70009DFB0546002845D0C7F30A54C7F313032D
:104B80000CB143F48013002E019314D101A8FFF758
:104B900091FC019B6B6101212030296114B3089BBA
:104BA000A4F2334404441C60099BC0F13500186032
:104BB000284603B0F0BD68460096FFF77BFCDDE9B0
:104BC000002330B1C0F1200103FA01F1C3400A43D0
:104BD0000193002B0CBF01210221C5E905232961A6
:104BE000002CDCD105EB8102A0F232431069089A57
:104BF0001360FFF735FC099BC0EB41101860284695
:104C000003B0F0BD034B04482A4640F20F31FFF7D2
:104C100027FB00BF08CF000888CF00082DE9F0432C
:104C200083B0884669468146FFF73CFF04460D463F
:104C3000404601A9FFF736FFD9F81030D8F8102008
:104C4000A3EB020CDDE900329B1A03EB4C13002BA3
:104C50000BDD05EB03573D4602460B462046294631
:104C600002F080FA03B0BDE8F083C3EB033301EB3D
:104C700003594946F0E700BF172870B506460ADD1C
:104C80000849094D0020002422462B4602F040F935
:104C9000013EF9D170BD054B03EBC003D3E904011C
:104CA00070BD00BF0000F03F0000244068CA00084B
:104CB0000139491101F1010C116902F1140303EBEF
:104CC00081018B4200EB8C0C16D210B5A0F1040EC2
:104CD00053F8044B4EF8044F9942F9D8891A153904
:104CE00021F0030104300844844504D9002340F82E
:104CF000043B8445FBD810BD844505D9002340F80A
:104D0000043B8445FBD87047704700BF03694A11D4
:104D1000934200F1140009DA00EB830302E053F838
:104D2000042DA2B98342FAD80020704700EB820319
:104D3000F8DD11F01F01F5D010B450F8224024FA2C
:104D400001F28A40944208D0012010BC7047012033
:104D5000704753F8042D002AF6D18342F9D8002079
:104D600010BC704770B5002935D006460C4610B10E
:104D7000436B002B3AD0FDF7CDFBB4F90C3043B3B5
:104D80002146304600F028F9E36A054633B1E1696F
:104D9000304698470028B8BF4FF0FF35A3891B065F
:104DA0001CD4216B41B104F14003994202D030463A
:104DB000FEF7E6FF00232363616C21B13046FEF766
:104DC000DFFF002363640023A381FDF7A5FB2846D2
:104DD00070BDFDF7A1FB0025284670BD2169304656
:104DE000FEF7CEFF216B0029DDD1E5E7FDF782FB61
:104DF000C1E700BF024B01461868FFF7B3BF00BF11
:104E0000000000200CB400B583B004AB53F8042BB1
:104E1000019300F0A5FC03B05DF804EB02B070470D
:104E20000EB410B583B005AB064C53F8042B0193B8
:104E30000146206800F094FC03B0BDE8104003B0C8
:104E4000704700BF0000002038B50D46084C84466E
:104E5000114628461A4600232360654601F07CFE71
:104E6000431C00D038BD2368002BFBD02B6038BD1D
:104E7000840B0020082802D14FF48050704708B5F9
:104E800000F026F8162303604FF0FF3008BD00BF86
:104E900010B4034CD4F8E440A44610BC604700BFF3
:104EA0004805002082B049B15AB16BB113780B604C
:104EB0001278101E18BF012002B0704701A9002A05
:104EC000F3D1104602B070476FF00100F4E700BF65
:104ED000014B1868704700BF0000002038B50D4630
:104EE000084C8446114628461A460023236065462E
:104EF00001F048FE431C00D038BD2368002BFBD0D6
:104F00002B6038BD840B002038B5074D00220446C5
:104F100008462A6001F0F0FD431C00D038BD2B6824
:104F2000002BFBD0236038BD840B002008B5062081
:104F300000F074FB012001F02DFE00BF38B5A1FB8D
:104F4000021454BBFDF72AFB054650B350F8042C5D
:104F500022F00302043A242A10D8132A13D91B2A58
:104F6000C0E9004416D9242AC0E902440ABFC0E9B6
:104F7000044400F1100200F1180205E02146FDF79B
:104F80004FF9284638BD02460023C2E9003393603A
:104F9000284638BD00F10802F6E7FFF799FF0C2319
:104FA00003600025284638BD10B4034CD4F8E04017
:104FB000A44610BC604700BF4805002049B1FF2A45
:104FC00002D80A70012070478A2303604FF0FF3037
:104FD00070470846704700BFB1F90C20F8B51307B9
:104FE0000C46074649D4496842F400630029A3816E
:104FF0005FDDA66A002E3ED0002112F480523D688B
:10500000396062D1E16901233846B047461C024647
:1050100069D0B4F90C30A66A580705D56368D21A6E
:10502000236B0BB1E36BD21AE16900233846B0471A
:10503000411CB4F90C304AD139681D293FD82E4A99
:10504000CA40D2073BD52269226023F40062A281C4
:10505000DE044FF00002626001D5002941D0216BCF
:105060003D6041B104F14003994202D03846FEF759
:1050700087FE002323630020F8BD0E69002EFAD0BE
:105080000D680E6092070CBF4B690023AD1B8B604F
:105090000CE0D4F824C0E1692B4632463846E0479C
:1050A000B0F1000CA5EB0C05664406DD002DF0DC2C
:1050B000E1E7E16B00299CDCDDE7B4F90C3043F05B
:1050C0004003A3814FF0FF30F8BD226DA4E72269B1
:1050D000226023F40062A281DB044FF000026260D0
:1050E000BDD52065BBE73B68002B92D01D2B01D0BE
:1050F000162BE2D13D60BEE70100402010B504460A
:1051000082B008B1436B53B1B1F90C0008B902B0D9
:1051100010BD204602B0BDE81040FFF75DBF019111
:10512000FDF7E8F90199EFE7A0B138B50C4B1D6820
:1051300004460DB16B6B4BB1B4F90C0000B938BD2E
:1051400021462846BDE83840FFF746BF2846FDF710
:10515000D1F9F1E7034A04490448FDF7F3B900BF68
:105160000000002028010020FD5000080800002059
:105170002DE9F84F1646002900F098800C4680462D
:1051800006F10B05FEF786FF54F8041C162DA4F15A
:10519000080921F0030758D81025AE4258D8AF426D
:1051A00062DABF4B9A6809EB070C6245DCF8040031
:1051B00000F0928020F0010363445B68DB076AD44F
:1051C00020F003003B189D4249DDCB0712D454F870
:1051D000083CA9EB030BDBF8043023F00302104476
:1051E00000EB070A554540F3F88007EB020A5545E6
:1051F00040F3CE8031464046FDF7D0F90646002800
:1052000000F0228154F8043C23F001034B44A0F148
:105210000802934200F0B6803A1F242A00F2D98097
:10522000132A00F2A48003462246116819605168CF
:10523000596092689A6021464046FEF7A1FD4046BB
:10524000FEF72AFF3046BDE8F88F35F00705A4D5F4
:105250000C23C8F8003000263046BDE8F88F1F4602
:10526000DCE90223D3609A60D9F804307A1B0F2A54
:1052700003F0010309EB07001DD83B43C9F80430D4
:10528000436843F0010343604046FEF705FF2646AE
:105290003046BDE8F88FC907ACD454F8083CA9EBF8
:1052A000030BDBF8043023F003029EE7BDE8F84F60
:1052B0001146FDF773B909EB05012B4342F00102DA
:1052C000C9F804304A60436843F001034360083181
:1052D0004046FEF755FDD7E720F00300C21905F15F
:1052E000100C624580F29180CA0783D454F8082CD0
:1052F000A9EB020BDBF8042022F00302104400EBC0
:10530000070AD4453FF771AF5E46DBF80C1056F83C
:10531000080F3A1F242AC160886000F2AE80132A69
:1053200040F2A9802168CBF808106168CBF80C1016
:105330001B2A00F2A88008340BF1100221681160CA
:1053400061685160A16891600BEB0501AAEB050251
:1053500042F0010299604A60DBF8043003F0010377
:105360002B434046CBF80430FEF796FE90E72368C7
:105370000360636843601B2A3CD804F1080200F113
:10538000080352E750F8043C23F003031F446BE783
:105390003A1F5E46DBF80C3056F8081F242ACB6013
:1053A000996022D8132A1ED92368CBF80830636885
:1053B000CBF80C301B2A3BD808340BF110032268C1
:1053C0001A6062685A60A2689A6034465746D946A5
:1053D0004AE72146FEF7ACFE2DE7DCE902133A1F4F
:1053E000CB609960D5E73346E9E721463046FEF7C2
:1053F0009FFEEAE7A3688360E368C360242A27D09E
:1054000004F1100200F110030FE709EB05019960A8
:10541000531B43F001034B6054F8043C03F00103B9
:105420002B43404644F8043CFEF736FE26462FE761
:10543000A368CBF81030E368CBF81430242A10D0DE
:1054400010340BF11803BAE74046FEF725FE02E7D9
:10545000236903616169416104F1180200F11803D5
:10546000E3E62369CBF818306369CBF81C301834B5
:105470000BF12003A3E7324660E721463046FEF7F2
:1054800057FE074B60E7A168CBF81010E168CBF836
:105490001410242A06D010340BF118024EE700BF76
:1054A000380100202269CBF818206269CBF81C2053
:1054B00018340BF1200241E738B50D46084C8446FC
:1054C000114628461A4600232360654601F03CFB3E
:1054D000431C00D038BD2368002BFBD02B6038BDA7
:1054E000840B002038B5D0F818410CB1002038BD2D
:1054F00080210546FDF752F80246C5F8180130B183
:10550000031F7C3243F8044F9342FBD1EEE74FF088
:10551000FF3038BD30B51F2983B0054609D8D0F813
:1055200018310C465BB153F8240043F8242003B033
:1055300030BD162303604FF0FF3003B030BD802133
:105540000192FDF72BF8019AC5F8180103460028CF
:10555000F1D0011F00F17C05002041F8040FA942A1
:10556000FBD1E0E71F2938B505461FD8D0F8182130
:105570000C466AB152F8213053B1012B06D0591CA8
:1055800010D0002142F8241020469847002038BD52
:10559000284601F005F8224601462846BDE8384075
:1055A00000F0E8BF16230360012038BD1623036016
:1055B0004FF0FF3038BD00BF1F292BD8D0F818217D
:1055C00038B50C4605469AB152F8243053B1591CEF
:1055D0000CD0012B08D00025204642F824509847D3
:1055E000284638BD012038BD032038BD022038BD13
:1055F0008021FCF7D3FF0246C5F8180138B1031F1C
:1056000000217C3043F8041F8342FBD1DCE74FF0DC
:10561000FF3038BD4FF0FF30704700BF38B5144B36
:105620001F281D681ED8D5F81821044662B152F80B
:1056300020304BB1012B05D0591C0FD0002142F86E
:1056400020109847002038BD284600F0A9FF2246C8
:1056500001462846BDE8384000F08CBF16232B6079
:10566000012038BD16232B604FF0FF3038BD00BF3E
:1056700000000020124B1F2870B51E6809D8D6F80C
:10568000183104460D464BB153F8240043F824501A
:1056900070BD162333604FF0FF3070BD802130465F
:1056A000FCF77CFF0346C6F818010028F3D0021F60
:1056B00000217C3042F8041F8242FBD1E4E700BFA6
:1056C0000000002038B50C4B1D68D5F818410CB10E
:1056D000002038BD80212846FCF760FFC5F818017E
:1056E00038B1031F00F17C0243F8044F9342FBD111
:1056F000EEE74FF0FF3038BD0000002038B5174B03
:105700001F281D6827D8D5F8182104469AB152F8E9
:10571000243053B1591C0CD0012B08D00025204651
:1057200042F824509847284638BD012038BD032050
:1057300038BD022038BD80212846FCF72FFF0246E5
:10574000C5F8180138B1031F00217C3043F8041F4D
:105750008342FBD1DBE74FF0FF3038BD0000002073
:105760002DE9F04FA9B0CDE904301C4600919246D6
:1057700018B1436B002B00F0F9850099B1F90C20AA
:105780004B6E900400F1F48042F4005223F4005375
:105790008A814B6612B2170740F1A580009B1B69F6
:1057A000002B00F0A08002F01A020A2A00F0A98063
:1057B00018AB0B930023CDE90C3303930DF1600B71
:1057C0009AF80030002B00F0C780544604E014F82B
:1057D000013F002B00F0A480252BF8D1B4EB0A0583
:1057E00040F0A1802378002B00F0B68000264FF017
:1057F00000026378029604F1010A8DF827204FF029
:10580000FF380AF1010AA3F12002582A00F2B780FA
:10581000DFE812F06803B500B5006303B500B5001A
:10582000B500B500B500B500E9015D03B500F401B0
:105830001703B50058035900590059005900590081
:105840005900590059005900B500B500B500B50020
:10585000B500B500B500B500B500B5003303B5001F
:10586000B500B500B500B500B500B500B500B50090
:10587000B500BA02B500B500B500B500B5003702F5
:10588000B500B5000305B500B500B500B500B5001D
:10589000B500B500B500B500B5001302F800B500BD
:1058A000B500B5001203F800B500B5000602B5005A
:1058B000F901E002A703A203B5007303B500970244
:1058C000B500B5002105A3F13002002319461AF8EE
:1058D000013B01EB810102EB4101A3F13002092AF6
:1058E000F5D902918FE7009D0598294600F05AFEF0
:1058F000002840D1B5F90C2002F01A020A2A7FF4E0
:1059000057AF009BB3F90E30002BFFF651AF009953
:1059100005982346524629B0BDE8F04F00F0E4BD9B
:10592000B4EB0A0518D00D9B2B440D930C9B01334F
:10593000072BCBE900A50C9305DC0BF1080B039BAF
:105940002B4403934EE7009905980BAA00F002FE42
:1059500030B90DF1600BF2E70D9B002B40F0628532
:10596000009B9B895B0606D4039829B0BDE8F08FA5
:105970009B047FF510AF4FF0FF330393F4E7002B48
:10598000EAD08DF83830012700238DF827300EAD8E
:105990000197DDE90C2016F084088446134600F0D8
:1059A0006081C1464FF00008B9F1800F00F0988087
:1059B000A8EB0704002C00F3DA8001323844072AF0
:1059C000CDE90C20CBF80050CBF8047000F30C8329
:1059D0000BF1080B720705D5DDE901239C1A002C99
:1059E00000F33183DDE9022301998A42ACBF9B18A1
:1059F0005B180393002840F0038300230C930DF100
:105A0000600BDDE6B50600F1F5830498F40650F866
:105A1000043B00F14E85049070064CBF43F3C03246
:105A2000DA17104648BF1BB20028314680F2378291
:105A30005B4262EB42022D20B8F1000F8DF8270087
:105A400001DB21F080010A2B72F1000480F0338128
:105A50003033DBB28DF85F304346012BB8BF0123F2
:105A6000019310B1019B013301930E4601270DF103
:105A70005F05DDE90C2016F084098446134600F02A
:105A8000F0809DF82730002B8ED000230693013242
:105A90000DF127030130CBF80030072A4FF0010346
:105AA000CDE90C20CBF8043000F3C0820BF1080BD9
:105AB000069B002B3FF478AF01320AAB0230CBF8E3
:105AC0000030072A4FF00203CDE90C20CBF8043058
:105AD00000F39F82B9F1800F0BF1080B7FF468AFE0
:105AE000DDE901135C1A002C7FF762AF102CDFF8A0
:105AF000DC922ADD59461023D346B2462E464D4647
:105B0000DDF8149004E0103C102C01F1080117DDC1
:105B100001321030072AC1E90053CDE90C20F2DD33
:105B200000990BAA484600F015FD00287FF418AF35
:105B3000103C102CDDE90C2018A94FF01003E7DC15
:105B4000A94635465646DA468B4601322044072A96
:105B5000CDE90C20CBF80090CBF8044000F30A8488
:105B6000A8EB0704002C0BF1080B7FF726AF102CD5
:105B7000DFF8589229DD59464FF01008CB46B14660
:105B80002E462546059C04E0103D102D01F108012C
:105B900016DD01328D4B1030072AC1E90038CDE9FE
:105BA0000C20F1DD00990BAA204600F0D3FC002860
:105BB0007FF4D6AE103D102DDDE90C2018A9E8DCED
:105BC0002C4635464E46D9468B4601322044072A9C
:105BD000CDE90C20CBF80090CBF8044000F3B8825C
:105BE0000BF1080BE9E6049B53F8042B0292002A00
:105BF00080F2BB82029A0493524202929AF80030D9
:105C000046F00406FDE5B20640F1F682049B039AD5
:105C10001B681A60D2175A60049B04330493CFE5C3
:105C20009AF800306C2B03BF9AF8013046F020063A
:105C30000AF1010A46F01006E3E5049B00228DF804
:105C4000272053F8042B8DF83820DDE90C2001279C
:105C500016F0840804930EAD0197844613467FF432
:105C6000A0AEDDE901410C1B002C00F327829DF85A
:105C70002730002B3FF49CAE4FF00009CDF8189070
:105C800005E7B40646F010015FD4049B181D049B81
:105C900000221C688DF8272090452346C0F285829B
:105CA00021F080010490002C64D010460A2B72F180
:105CB0000004FFF4CDAE464CCDF8048018AD4FF093
:105CC000CC394FF0050ECDF818B09E1846F10006FD
:105CD000A4FB067C2CF0030707EB9C07F61B9F1B1D
:105CE0009B46904662F1000309FB07F204FB032286
:105CF000A7FB043703F0010C3A44ACFB0E7CBF1940
:105D0000BBF10A0F4FEA530307F1300778F100089F
:105D100043EAC27305F8017D4FEA5202D5D2DDF89D
:105D20000480DDF818B018AB5F1BB8454346B8BF18
:105D30003B460193002800F03483013301930E4663
:105D400097E6B00640F119823146049B073323F0F1
:105D500007031C4600205A6854F8083B8DF82700BA
:105D600080450494FFF66FAE53EA020421F08001EF
:105D70007FF469AE0E46B8F1000F40F09F834746AE
:105D8000CDF8048018AD74E646F01002B60625D4AE
:105D9000049B181D049B00211C688DF82710884562
:105DA0002346C0F21A8322F0800604905CBBB8F14F
:105DB000000F40F07B8316F00107019700F0098384
:105DC00030238DF85F300DF15F0552E6A4CC00085A
:105DD000CDCCCCCCB50640F1F3813246049B0733E1
:105DE00023F007031846596800238DF82730B8F1CF
:105DF000000F50F8083B0490C0F20D8222F080069C
:105E000053EA0102D3D018AD03F00702DB0843EADE
:105E10004173C908303253EA0104284605F8012DC0
:105E2000F2D1F10700F1428218AB5F1BB84543463F
:105E3000B8BF3B4601931CE69AF8003046F0400696
:105E4000DFE4514611F8013B2A2B00F02283A3F135
:105E50003002092A98BF4FF0000800F20A8311F8B7
:105E6000013B08EB880802EB4808A3F13002092A3D
:105E7000F5D948EAE8788A46C5E446F01001B60646
:105E800040F19681049B073323F007031A465868B4
:105E900052F8083B049202460028FFF6C9ADB8F15B
:105EA000000F9DF82700FFF6CEAD53EA020421F063
:105EB000800640F0D281B8F1000F00F090823146A8
:105EC0003023C7E59AF8003046F0800699E42B238A
:105ED0008DF827309AF8003093E49AF8003046F0B5
:105EE00001068EE49DF827209AF80030002A7FF4FE
:105EF00088AC20228DF8272083E4049C54F8045BAE
:105F000000218DF82710002D00F04282B8F1000F1B
:105F1000C0F2AC8142462846FCF732F99DF82730A2
:105F2000002800F09F82471B27EAE7720192002BAE
:105F300000F0A8811346013301930494DDE90C209D
:105F400016F08408844613463FF48BAEC1464FF0EA
:105F50000008CDF818809AE59AF8003046F020063F
:105F60004FE4049B002153F8040B8DF8271047F6EB
:105F700030028845ADF828200246C0F2468126F05E
:105F8000800646F00206002800F00E82B448049312
:105F9000022418AD02F00F031209C35C05F8013D9D
:105FA00042EA0172090952EA0103F3D118AB5F1BFF
:105FB000B8454346B8BF3B460193002C3FF459AD6A
:105FC000019B02330193DDE90C3C16F08409604625
:105FD0001A467FF471ADDDE901410C1B002C7FF7FF
:105FE0006BAD022206926BE0009905980BAA00F0B7
:105FF000B1FA00287FF4B4AC0D980DF1600BE9E420
:10600000009905980BAA00F0A5FA00283FF4F5AC1A
:10601000A6E4009905980BAA00F09CFA00287FF4EA
:106020009FACDDE90C200DF1600BBDE400990598F3
:106030000BAA00F08FFA00287FF492ACDDE90C2067
:106040000DF1600B34E5102C0C9BDFF8189222DD6B
:10605000059EDDF8008010254F4604E0103C102C12
:106060000BF1080B16DD01331030072BCBE900755F
:10607000CDE90C30F2DD0BAA4146304600F06AFA59
:1060800000287FF46DAC103C102CDDE90C300DF1D4
:10609000600BE8DCB94601332044072BCBE90094C0
:1060A000CDE90C307FF79EAC009905980BAA00F063
:1060B00051FA00287FF454AC0D9893E40022069224
:1060C000102CDFF8A09160461A462BDD0795594643
:1060D0004D46D346DDF81490B2461023009E04E0EE
:1060E000103C102C01F1080117DD01321030072A95
:1060F000C1E90053CDE90C20F2DD0BAA3146484638
:1061000000F028FA00287FF42BAC103C102CDDE9BD
:106110000C2018A94FF01003E7DCA946079D56464E
:10612000DA468B4601322044072ACDE90C20CBF811
:106130000090CBF8044000F3E9809DF827300BF184
:10614000080BBBB9069900293FF432AC9946B3E479
:10615000009905980BAA00F0FDF900287FF400AC27
:10616000DDE90C200DF1600B27E404939AF8003070
:10617000FFF747BB4FF0000989E4049816F01001BF
:1061800050F8044B40F0978116F0400200F08280F6
:10619000B8F1000F8DF82710A3B20A46C0F2818033
:1061A00026F08001002B00F02D81049010467DE543
:1061B000049B181D049B04901B68DA1710466BE6BD
:1061C000049850F8043B16F01004024640F06C812D
:1061D00016F0400100F0F680B8F1000F21468DF86E
:1061E00027409BB204DB26F08006002B00F02681BE
:1061F000049008E6314645E6F30646D4770644D5D2
:10620000049B039A1B681A8006E51548049346F020
:1062100002060224BDE61646F5E5134816F02001F5
:1062200067D0049A073222F007021446516854F8E6
:10623000082B049416F001044AD052EA01047CD1E0
:106240000024A0458DF82740FFF6A3AE26F0800677
:106250003FF495AD9DE60248E0E73146FFF7F3BB1A
:10626000D8CE000894CC0008C4CE00082846FAF71F
:1062700087F99DF8273020EAE07207460192002B4B
:106280007FF458AE0494FFF784BB049B039A1B6809
:106290001A60C1E4B8F1000F8DF82720234680F280
:1062A000AC80049031461046FFF7CDBB302A54D065
:1062B0003023023805F8013C18AB1F1AB845434695
:1062C000049AB8BF3B46019304920546FFF7D1BB41
:1062D000B8F1000F8DF82740FFF65BAE52EA0103DC
:1062E00026F080067FF455AEB8F1000F3FF447ADBD
:1062F0004FE6049C54F8042B049416F0100499D132
:1063000016F040011CBF92B2214693E70099059810
:106310000BAA00F01FF9814600287FF421AB9DF8FD
:106320002730DDE90C20002B48D1069B0DF1600BD6
:10633000002B7FF4C1ABFFF73BBB8DF82930302336
:106340008DF8283000239845A8BF26F080068DF8E8
:10635000273046F0020602241BE618AB5F1B4745B8
:106360003B46B8BF43460193FFF783BBFCF7C2F837
:10637000FFF703BA009905980BAA00F0EBF8002884
:106380007FF4EEAADDE90C200DF1600BFFF710BBE6
:106390004746062F28BF06274C4D01970494FFF768
:1063A000F8BA0E46FFF765BBB8F1000F7FF4EEAD0B
:1063B00004934746CDF8048018AD01E60DF1600B5B
:1063C000FFF765BBB8F1000F8DF82710BFF60BAFD4
:1063D0000EE7474618ADFFF74CBB164608E740BB33
:1063E000DDE90C2011F00407844613464CD04746E3
:1063F000CDF8048018ADFFF7DBBA26F08001002C41
:106400007FF4D3AE0E460490B8F1000F3FF4B7AC62
:1064100030238DF85F304346012BB8BF0123019331
:10642000FFF723BB009905980BAA00F093F8FFF73C
:1064300097BA0123474618AD01937FE5B8F1000FE5
:1064400003D0002304901946DDE416F001070197FC
:1064500005D030238DF85F300DF15F0034E74746FB
:1064600018A831E753B108F101030494019347469A
:1064700064E58A464FF00008FFF7C5B94746049423
:10648000CDF80480FFF785BACDF8048018ADFFF78A
:10649000E8BB049A9AF8013052F8048B04928A46B9
:1064A00048EAE878FFF7ADB9324673E400231946AD
:1064B000A9E431467EE63146FFF7E9BB30238DF88B
:1064C0005F30CDF80480FFF7D0BA00BFECCE0008F3
:1064D00010B4044C84461346206810BC0A4661463A
:1064E000FFF73EB900000020F0B50D468989ADF2F6
:1064F0006C4D21F00201ADF80C101AA90091049125
:106500004FF4806102910591696E1991E989ADF8A6
:106510000E10E9690791696A09910021069169469F
:106520000746FFF71DF9061E6C4607DB694638462D
:10653000FEF7E4FD002818BF4FF0FF36A3895B0685
:1065400003D5AB8943F04003AB8130460DF26C4D6F
:10655000F0BD00BF936810B514461BB91846002360
:10656000636010BD00F09CF80023A360002363600B
:1065700010BD00BF70B50C46084D034600262046EE
:1065800011461C462E6000F0D7FA431C00D070BDA7
:106590002B68002BFBD0236070BD00BF840B002054
:1065A00000F0BABA38B53D4B1B6805460C4613B12E
:1065B0005A6B002A5AD0B4F90C3019070BD522694E
:1065C0009AB113F0010221D19B075ABF6369A360FE
:1065D000A260002038BDDA0658D558071CD42269BD
:1065E00043F00803A381002AEBD1990528D51806AA
:1065F00003F0800124D4D80741D49D073CD5A26084
:106600000029E6D043F04003A38144E063690022FF
:106610005B42A260A361DCE7216B51B104F140024F
:10662000914204D02846FDF7ABFBB4F90C300022B0
:10663000226322690021C4E9002123F02403CFE76B
:106640002146284600F098F9B4F90C30226913F07D
:1066500001010FD0616900204942A060A161002AB8
:10666000B7D103F080010029B3D0CBE71846FBF780
:1066700041FFA0E7980700D46169A160EFE7606976
:10668000A2604042A0610029A3D0BBE7092243F0E9
:1066900040032A60A3814FF0FF3038BD0000002086
:1066A0009368002B00F0B2802DE9F04FB1F90CC0D7
:1066B0001CF0080F83B0174680460C4625D00B69A6
:1066C0001BB31CF002033D682BD04FF0000ADFF82B
:1066D000A4B256465E453346524628BF5B46404606
:1066E000002E00F08280E169D4F824C0E047002841
:1066F00040F38480BB681B1A8244361ABB60002BAF
:10670000E8D1002003B0BDE8F08F21464046FFF7F6
:1067100049FF002877D1B4F90CC03D681CF0020392
:10672000D3D11CF0010973D14E46002E59D01CF470
:10673000007F2068D4F808B000F0AD80B3455A4619
:1067400000F2DC801CF4906F32D023696269A0EB08
:10675000030A02EB420202EBD2720AF1010152106B
:106760003144914292BF93468B460A461CF4806F97
:1067700000F0E28011464046FBF710FF002800F0D1
:10678000F280524621690190F9F77EFDA289019BB2
:1067900022F4906242F08002A28103EB0A0023619E
:1067A000ABEB0A03C4F814B0A3602060B3463246D2
:1067B00049460192FDF7BCFCA368019AA3EB0B01CB
:1067C0002368A1601344B24623600026BB68A3EB94
:1067D0000A03D144BB60002B93D0B4F90CC0002E47
:1067E000A5D1D5E9009608359FE7D5E900A608357B
:1067F00070E721464046FEF781FC68B3B4F90C30DF
:1068000043F04003A3814FF0FF307BE70020704747
:106810001E46BA46994618461F465EB380B34A469E
:10682000D4E904132068B24228BF3246884204D912
:10683000A16803EB010B5A4570DC934261DCE1690E
:10684000D4F824C03A464046E047B0F1000BD5DD0D
:10685000B9EB0B09CDD00120DAF80830A3EB0B031C
:106860005F44A6EB0B06CAF80830002B3FF449AF93
:10687000002ED3D16E682B460835002EFAD01F6843
:1068800032460A213846FBF77BFC002868D00130ED
:10689000A0EB0709C3E72369834217D36269B242B9
:1068A00014D86FF00043B34228BF3346E16993FB2D
:1068B000F2F3D4F824C002FB03F340464A46E04713
:1068C000B0F1000A9ADDA6EB0A067FE7B345DA4687
:1068D00028BFB24652464946FDF72AFCA368226803
:1068E000A3EB0A035244A3602260002BEBD12146A4
:1068F0004046FEF703FC0028E5D07FE7B34632466A
:1069000056E739460192FDF713FC019AA3689B1ADA
:10691000A360236813442360934699E739465A4697
:10692000FDF706FC23685B44236021464046FEF7E2
:10693000E5FB00288CD061E719464046FEF718FCBD
:10694000034600287FF429AF21694046FDF718FA75
:10695000B4F90C300C22C8F8002023F080034FE774
:10696000721C91465CE70C22B4F90C30C8F8002088
:1069700046E700BF00FCFF7F70B5B1F90C300C4654
:10698000990796B007D504F143030122C4E9043204
:10699000236016B070BDB4F90E10002905462BDB3C
:1069A0006A4600F081F8002824DB4FF48061284615
:1069B000019EFBF7F3FDB4F90C30A0B306F470466A
:1069C00043F080034FF48062B6F5005FA38120603E
:1069D0002061626135D1B4F90E10284600F07AF8D2
:1069E000B4F90C3068B323F0030343F001034FF410
:1069F000006214E0B4F90C3013F0800F0CBF4FF4B8
:106A00008066402631462846FBF7C8FDB4F90C30B5
:106A100048B1C4E9040643F0800320600022134318
:106A2000A38116B070BD9A05B3D423F0030304F11B
:106A3000430243F002030121C4E90421A38122603F
:106A4000A7E74FF40062EAE770B50C46B1F90E1003
:106A5000002996B015461E4614DB6A4600F024F85D
:106A600000280FDB019901F47041A1F50051B1FA42
:106A700081F14FF4806349094FF4006031602B606D
:106A800016B070BDA18911F0800106D0002140230D
:106A9000084631602B6016B070BD4FF48063084625
:106AA00031602B6016B070BD70B50C46084D0346C2
:106AB0000026204611461C462E6000F025F8431C97
:106AC00000D070BD2B68002BFBD0236070BD00BFD1
:106AD000840B002038B5074D0022044608462A6082
:106AE00000F022F8431C00D038BD2B68002BFBD0EF
:106AF000236038BD840B0020024B58221A604FF0EF
:106B0000FF307047840B0020024B58221A604FF070
:106B1000FF307047840B0020024B58221A604FF060
:106B2000FF307047840B0020024B58221A6000206F
:106B3000704700BF840B0020024B58221A604FF0B0
:106B4000FF307047840B0020024B58221A604FF030
:106B5000FF307047840B0020024B58221A604FF020
:106B6000FF307047840B0020044A05491368002B4E
:106B700008BF0B461844106018467047880B002069
:106B8000D8440020024B58221A604FF0FF30704763
:106B9000840B0020FEE700BF81F0004102E000BF4F
:106BA00083F0004330B54FEA41044FEA430594EACD
:106BB000050F08BF90EA020F1FBF54EA000C55EA08
:106BC000020C7FEA645C7FEA655C00F0E2804FEAD9
:106BD0005454D4EB5555B8BF6D420CDD2C4480EABB
:106BE000020281EA030382EA000083EA010180EAEB
:106BF000020281EA0303362D88BF30BD11F0004F39
:106C00004FEA01314FF4801C4CEA113102D040426E
:106C100061EB410113F0004F4FEA03334CEA1333A9
:106C200002D0524263EB430394EA050F00F0A780C1
:106C3000A4F10104D5F1200E0DDB02FA0EFC22FABC
:106C400005F2801841F1000103FA0EF2801843FAB0
:106C500005F359410EE0A5F120050EF1200E012AA1
:106C600003FA0EFC28BF4CF0020C43FA05F3C018DF
:106C700051EBE37101F0004507D54FF0000EDCF158
:106C8000000C7EEB00006EEB0101B1F5801F1BD301
:106C9000B1F5001F0CD349085FEA30004FEA3C0C05
:106CA00004F101044FEA445212F5800F80F09A80FB
:106CB000BCF1004F08BF5FEA500C50F1000041EBFF
:106CC000045141EA050130BD5FEA4C0C404141EB03
:106CD0000101013C28BFB1F5801FE9D291F0000FFE
:106CE00004BF01460020B1FA81F308BF2033A3F1AD
:106CF0000B03B3F120020CDA0C3208DD02F1140CA4
:106D0000C2F10C0201FA0CF021FA02F10CE002F1DE
:106D10001402D8BFC2F1200C01FA02F120FA0CFCD7
:106D2000DCBF41EA0C019040E41AA2BF01EB045120
:106D3000294330BD6FEA04041F3C1CDA0C340EDC1E
:106D400004F11404C4F1200220FA04F001FA02F361
:106D500040EA030021FA04F345EA030130BDC4F11F
:106D60000C04C4F1200220FA02F001FA04F340EA14
:106D70000300294630BD21FA04F0294630BD94F0C5
:106D8000000F83F4801306BF81F480110134013DAC
:106D90004EE77FEA645C18BF7FEA655C29D094EA1D
:106DA000050F08BF90EA020F05D054EA000C04BF9B
:106DB0001946104630BD91EA030F1EBF0021002086
:106DC00030BD5FEA545C05D14000494128BF41F025
:106DD000004130BD14F580043CBF01F5801130BD89
:106DE00001F0004545F0FE4141F470014FF0000014
:106DF00030BD7FEA645C1ABF194610467FEA655CC5
:106E00001CBF0B46024650EA013406BF52EA033566
:106E100091EA030F41F4002130BD00BF90F0000F54
:106E200004BF0021704730B54FF4806404F1320490
:106E30004FF000054FF0000150E700BF90F0000F49
:106E400004BF0021704730B54FF4806404F1320470
:106E500010F0004548BF40424FF000013EE700BF40
:106E600042004FEAE2014FEA31014FEA02701FBFD0
:106E700012F07F4393F07F4F81F06051704732F002
:106E80007F4208BF704793F07F4F04BF41F4002159
:106E9000704730B54FF4607401F0004521F00041B7
:106EA0001CE700BF50EA010208BF704730B54FF041
:106EB00000050AE050EA010208BF704730B511F042
:106EC000004502D5404261EB41014FF4806404F17A
:106ED00032045FEA915C3FF4D8AE4FF003025FEA00
:106EE000DC0C18BF03325FEADC0C18BF033202EB84
:106EF000DC02C2F1200300FA03FC20FA02F001FADE
:106F000003FE40EA0E0021FA02F11444BDE600BF80
:106F100070B54FF0FF0C4CF4E06C1CEA11541DBF2F
:106F20001CEA135594EA0C0F95EA0C0F00F0DEF8FA
:106F30002C4481EA030621EA4C5123EA4C5350EADF
:106F4000013518BF52EA033541F4801143F4801330
:106F500038D0A0FB02CE4FF00005E1FB02E506F0C1
:106F60000042E0FB03E54FF00006E1FB03569CF016
:106F7000000F18BF4EF0010EA4F1FF04B6F5007F1C
:106F800064F5407404D25FEA4E0E6D4146EB06068E
:106F900042EAC62141EA55514FEAC52040EA5E5017
:106FA0004FEACE2EB4F1FD0C88BFBCF5E06F1ED8C1
:106FB000BEF1004F08BF5FEA500E50F1000041EBF8
:106FC000045170BD06F0004646EA010140EA0200A5
:106FD00081EA0301B4EB5C04C2BFD4EB0C0541EAC7
:106FE000045170BD41F480114FF0000E013C00F3DC
:106FF000AB8014F1360FDEBF002001F0004170BD00
:10700000C4F10004203C35DA0C341BDC04F1140418
:10701000C4F1200500FA05F320FA04F001FA05F2A4
:1070200040EA020001F0004221F0004110EBD37071
:1070300021FA04F642EB06015EEA430E08BF20EA9D
:10704000D37070BDC4F10C04C4F1200500FA04F340
:1070500020FA05F001FA04F240EA020001F00041D2
:1070600010EBD37041F100015EEA430E08BF20EA45
:10707000D37070BDC4F1200500FA05F24EEA020E8D
:1070800020FA04F301FA05F243EA020321FA04F0BC
:1070900001F0004121FA04F220EA020000EBD37073
:1070A0005EEA430E08BF20EAD37070BD94F0000F73
:1070B0000FD101F00046400041EB010111F4801FA7
:1070C00008BF013CF7D041EA060195F0000F18BF58
:1070D000704703F00046520043EB030313F4801F94
:1070E00008BF013DF7D043EA0603704794EA0C0F4E
:1070F0000CEA135518BF95EA0C0F0CD050EA410664
:1071000018BF52EA4306D1D181EA030101F00041E0
:107110004FF0000070BD50EA410606BF1046194608
:1071200052EA430619D094EA0C0F02D150EA013614
:1071300013D195EA0C0F05D152EA03361CBF104655
:1071400019460AD181EA030101F0004141F0FE41F4
:1071500041F470014FF0000070BD41F0FE4141F478
:10716000780170BD70B54FF0FF0C4CF4E06C1CEA78
:1071700011541DBF1CEA135594EA0C0F95EA0C0F2D
:1071800000F0A7F8A4EB050481EA030E52EA0335E8
:107190004FEA013100F088804FEA03334FF0805509
:1071A00045EA131343EA12634FEA022245EA111536
:1071B00045EA10654FEA00260EF000419D4208BFE7
:1071C000964244F1FD0404F5407402D25B084FEA94
:1071D0003202B61A65EB03055B084FEA32024FF440
:1071E00080104FF4002CB6EB020E75EB030E22BF9D
:1071F000B61A754640EA0C005B084FEA3202B6EB5D
:10720000020E75EB030E22BFB61A754640EA5C000B
:107210005B084FEA3202B6EB020E75EB030E22BF9B
:10722000B61A754640EA9C005B084FEA3202B6EB9C
:10723000020E75EB030E22BFB61A754640EADC005B
:1072400055EA060E18D04FEA051545EA16754FEABD
:1072500006164FEAC30343EA52734FEAC2025FEADB
:107260001C1CC0D111F4801F0BD141EA00014FF06A
:1072700000004FF0004CB6E711F4801F04BF01433B
:107280000020B4F1FD0C88BFBCF5E06F3FF6AFAE57
:10729000B5EB030C04BFB6EB020C5FEA500C50F1E7
:1072A000000041EB045170BD0EF0004E4EEA11316A
:1072B00014EB5C04C2BFD4EB0C0541EA045170BD71
:1072C00041F480114FF0000E013C90E645EA060EB5
:1072D0008DE60CEA135594EA0C0F08BF95EA0C0FE3
:1072E0003FF43BAF94EA0C0F0AD150EA01347FF42B
:1072F00034AF95EA0C0F7FF425AF104619462CE702
:1073000095EA0C0F06D152EA03353FF4FDAE104664
:10731000194622E750EA410618BF52EA43067FF4B5
:10732000C5AE50EA41047FF40DAF52EA43057FF445
:10733000EBAE12E74FF0FF3C06E000BF4FF0010C50
:1073400002E000BF4FF0010C4DF804CD4FEA410CB4
:107350007FEA6C5C4FEA430C18BF7FEA6C5C1BD081
:1073600001B050EA410C0CBF52EA430C91EA030F02
:1073700002BF90EA020F0020704710F1000F91EA5F
:10738000030F58BF994208BF90422CBFD8176FEA2D
:10739000E37040F0010070474FEA410C7FEA6C5CFB
:1073A00002D150EA013C07D14FEA430C7FEA6C5C02
:1073B000D6D152EA033CD3D05DF8040B704700BF2E
:1073C0008446104662468C461946634600E000BF7C
:1073D00001B5FFF7B7FF002848BF10F1000F01BD4E
:1073E0004DF808EDFFF7F4FF0CBF012000205DF819
:1073F00008FB00BF4DF808EDFFF7EAFF34BF01209E
:1074000000205DF808FB00BF4DF808EDFFF7E0FF36
:1074100094BF012000205DF808FB00BF4DF808ED87
:10742000FFF7CEFF94BF012000205DF808FB00BFEE
:107430004DF808EDFFF7C4FF34BF012000205DF8D0
:1074400008FB00BF4FEA410C7FEA6C5C02D150EAB6
:10745000013C0AD14FEA430C7FEA6C5C02D152EA4C
:10746000033C02D14FF0000070474FF0010070471D
:107470004FEA410212F5001215D211D56FF478735C
:10748000B3EB625212D94FEAC12343F0004343EAFF
:10749000505311F0004F23FA02F018BF40427047DA
:1074A0004FF00000704750EA013005D111F0004064
:1074B00008BF6FF0004070474FF00000704700BFFA
:1074C000F8B500F009FF00F01DF910B101F004FC5F
:1074D00000B9FEE702F02EF900F0F6F901F0AAF883
:1074E00001F0BEFE174D184F184E01F0ADFD20B152
:1074F00000F030FF01232B70F7E72B782BB12870B9
:1075000000233B7000F036FF02E03B78002BF7D100
:1075100002F04AFD044600F0BBFF204602F0F4F9F9
:10752000204602F04DF8204600F048FD3368E31A8B
:10753000632BDAD9346000F05DFA204601F05CF884
:10754000D3E700BF8C0B0020B4060020900B002076
:10755000024B4FF000629A60704700BF00ED00E000
:1075600008B502F03BFD40F2694398420CD8B0F5F3
:107570008D6F10D2B0F58C6F0FD0A0F2654002284D
:107580008CBF0020012008BD40F27943C31A584245
:1075900058414000F7E70220F5E70120F3E700003B
:1075A000014B1868704700BF940B0020134B14491F
:1075B0009A6D42F0010282B09A659B6D03F001035F
:1075C0000193019B4FF0804300221A605A609A6039
:1075D000DA609A61DA611A620A4A1268B2FBF1F261
:1075E000013A9A624FF0FF32DA621A6842F0010201
:1075F0001A6001225A6102B0704700BF00100240B9
:1076000040420F00B806002010B58EB00446342268
:10761000002101A8FAF704FE01A803F037FA022CB2
:107620000CD0032C0FD0012C15D1079800F4E0608A
:10763000A0F58063584258410EB010BD9DF81F0060
:10764000C0F38000F8E79DF81F00C0F3800080F0D1
:107650000100C0B2F0E70020EEE7000070B58EB088
:107660000446FFF77DFF0228054645D100F01CFCCB
:10767000002843D12046FFF7C7FF0146F0B9342266
:1076800001A8FAF7CDFD022C1BD0032C1ED0012C33
:1076900030D14FF48063CDE906430422184B0192A8
:1076A0009A6942F040429A614CF2FA321A6103F050
:1076B00025F810B903F040F868B13B2528460EB014
:1076C00070BD4FF4C4444FF04863E4E74FF4C44442
:1076D0004FF00863DFE701A803F076F8044603F0F3
:1076E0003DF8064603F01CF834432043C0B200289E
:1076F000E4D0E2E73225E1E73625DFE73425DDE7B0
:107700000020024070B5B0B002F02CFC044610B16D
:10771000002030B070BD0146382211A8FAF780FD74
:107720002146142206A8FAF77BFD442221461FA811
:10773000FAF776FD204603F0B9FE40234FF4807C33
:10774000CDE914C32226022301244FF0040E502257
:1077500011A8CDE91743CDE91AE2CDE91C33119602
:1077600019931E9303F0FAFE0028D1D1CDE9080049
:107770000F2503230A90082106A8CDE9065304F03B
:1077800029F90028C4D14FF440531F934FF00073E0
:10779000CDE92B301FA804F02DFA05460028B7D1FB
:1077A0000BA84FF000530C934BF67F330B9585607D
:1077B000CDE90E362023109304F01EFD29462A46FB
:1077C0004FF0FF3002F024FC1C4BDA6C42F0200238
:1077D000DA64DA6C02F020020192019ADA6C224338
:1077E000DA64DA6C22400292029ADA6C42F0020207
:1077F000DA64DA6C02F002020392039ADA6C42F065
:107800000402DA64DA6C02F004020492049ADA6C7C
:1078100042F04002DA64DB6C03F0400305934FF45E
:107820008050059B04F022FB054B18602046FFF7B3
:10783000BDFEFFF713FF20466BE700BF00100240BC
:10784000940B00207047FEE7FEE7FEE7FEE7704777
:1078500070477047014803F04BBB00BF8C100020FD
:10786000FFF7F8BF08B502F093FBBDE8084002F04F
:1078700024BC00000C4B10B500241C600B4B1C609A
:107880000B4B1C600B4B1C600B4B1C600B4B1C60B0
:107890000B4B1C7001F052FF22460A48BDE8104015
:1078A0004FF4005103F00EBAD00B0020C00B0020A3
:1078B000EC0B0020E80B0020A00B0020E00B0020C8
:1078C000BD0B00200008004810B5234B23489A6DDB
:1078D00042F000728AB09A659A6D02F000720192CD
:1078E000019ADA6C42F00202DA64DA6C02F0020207
:1078F0000292029ADA6C42F00402DA64DA6C02F064
:1079000004020392039ADA6C42F00102DA64DB6C3F
:1079100003F0010304934FF40052049B002401235D
:1079200005A9CDE90523CDE9074403F007F94FF494
:1079300040710223CDE9051303200923CDE9080393
:1079400005A90748079403F0F9F8FFF793FF054BE3
:10795000054A1A600AB010BD001002400008004835
:1079600000040048DC0C00200064004008B50D4B0A
:107970001B78ABB10C4802F014FD0B4802F044FD3B
:107980000A4B9A6B42F000729A639A6B22F0007273
:107990009A63FFF76FFFBDE80840002000F02EBD9E
:1079A00008BD00BFBD0B0020DC0C00200010024011
:1079B00010B50D4C0A460146204602F039FD28B1AB
:1079C0000220002100F0F6FB002010BD237C012BDB
:1079D00001D00120F9E702F0E7FA044B044A1860ED
:1079E000136801331360F4E7DC0C0020E40B002083
:1079F000E00B00201E4B196810B5002935D01D4B37
:107A00001B78002B31D01C4C1C4A236812681C4880
:107A100053431C4AB3FBF2F31B4A53434FF47A72AD
:107A2000B3FBF2F30268C2EBC2021344DB0803604B
:107A300000202060154C2268914210D8144A9342CD
:107A4000144A13D842F20F718B420BD942F21071D3
:107A5000B3FBF1F3D8B2107001F0BCFD002201328B
:107A6000226002E01378002BF5D110BD6320F2E70D
:107A7000A00B0020BD0B0020B80B0020AC0B002099
:107A8000A80B0020A0860100882A11009C0B002072
:107A90003F420F00A40B002010B50D4C24789CB978
:107AA000441EB4F5007F11D24C1EFF2C0ED8541E7C
:107AB0007F2C0BD85C1E7F2C08D8064CC4E902230F
:107AC000C4E90001022010BD3420FCE73220FAE7AF
:107AD000BD0B0020D00B002010B50D4C247894B9BC
:107AE000441E1F2C11D84C1E1F2C0ED8541E0F2CB8
:107AF0000BD85C1E0F2C08D8064CC4E90223C4E93D
:107B00000001022010BD3420FCE73220FAE700BF5C
:107B1000BD0B0020C00B002070B51D4B1B78DB0691
:107B2000B2B033D51B4BDB686C466BB1013B032B0A
:107B300096BF194A194A52F8232019496846F8F79E
:107B40008FFC684601F066FD164E1749174D324608
:107B5000204600F011FE2046F8F712FD2A4614498F
:107B6000204400F009FE2D686DB112492046F8F757
:107B700025FC3168104B114A8D4208BF1A46114648
:107B80002046F8F71BFC204601F044FD32B070BDE2
:107B9000400D0020DC0C00208CCE0008CCCC00086E
:107BA000DBCC0008D00B0020EECC0008C00B00207E
:107BB000F6CC0008FDCC0008D4CC0008D8CC0008D6
:107BC0000A4B70B51C680A4B0A4E1B6800251C4402
:107BD000A54201DB012070BD3146074802F055FB8C
:107BE000183608B90135F3E70020F4E7EC0B002064
:107BF000E80B00201C0C0020DC0C0020F8B5274FFF
:107C0000274E3C6833682344072B40DC002840F2B1
:107C1000FF7518BF6FF060458D4238D3954236D35B
:107C2000204D95F800C0BCF1000F09D0012B30D1D8
:107C3000631E5C425C4184422BD100233B60336075
:107C40001825194C5D43D8B14FF0804E44F805E03B
:107C50003D684FF0180E0EFB034301245D600225C2
:107C6000C3E90254C3E9041268B13B6823443B6092
:107C7000BCF1000F02D0FFF7A3FF60B10220F8BDF6
:107C800060513568E5E7336801333360F0E732204F
:107C9000F5E73420F3E73520F1E700BFE80B0020DB
:107CA000EC0B0020BD0B00201C0C00202DE9F34143
:107CB0005C4C94F800800546B8F1000F40F0AE80AF
:107CC000594F3B68002B00F0AB80584B584E9A6BD5
:107CD00042F000729A639A6B22F000729A6301F08C
:107CE0002DFD00F05BFA534A534B1278DD6002F031
:107CF0000102524D1A7401229A7432685A632A683A
:107D00009A633A685A617A68C3F8048083F81180EC
:107D1000C3F83C80C3F80880DA61DFF82481BA68D0
:107D20001A62FA689A61D8F8002062B15A62D8F8EB
:107D30000420DA62D8F808201A634FF44071D8F8AA
:107D40000C2099609A62FFF72BFCD7E901321A44A4
:107D50003B6802FB03334FF47A725343394AB0FB5A
:107D6000F2F0394AB3FBF0F31360384B324800228B
:107D70001A6002F0A7F9074618B1352002B0BDE835
:107D8000F0812D4802F0E6FA314AD8F80010176069
:107D900051BBFFF715FF0028EFD02B68326826484B
:107DA0001A44003A18BF0122002511462B460095BF
:107DB00002F093FA274B1D60274B1D60274B0125CE
:107DC0001D70274B28461D7000F018FB25482A46D9
:107DD0004FF4005102F076FF174802F0CCFA002869
:107DE000CBD125700220C9E7D8E90130034403FB59
:107DF0000111322359436423B1FBF3F14B1E3E2B97
:107E0000C7D811600C483A4602F083FA0028B4D172
:107E1000094802F08EFA0028BBD0AEE73420ADE767
:107E20003A20ABE7BD0B0020D00B00200010024031
:107E3000EC0B0020400D0020DC0C0020E80B0020A3
:107E4000C00B002040420F00AC0B0020A80B00200C
:107E5000980B0020B40B0020B00B0020BD060020C2
:107E6000BC06002000080048054B1B782BB9054ACA
:107E70001360054A0220136070473420704700BF2A
:107E8000BD0B0020E80B0020EC0B00200020704709
:107E90000020704764289DBF024B186002203220EA
:107EA000704700BFA00B0020014B1878704700BF3F
:107EB000BD0B0020014B187B704700BFF00B00206A
:107EC000024B1868003818BF01207047C00B002013
:107ED000084B1B7853B1084BDB68022B08D0074BCB
:107EE0005B69002B14BF3820022070473320704795
:107EF00039207047BD0B0020DC0C0020F00B002067
:107F000000487047DC0C0020284B1B6870B5044605
:107F10000BB9002070BDC08900F002FCD4E9012338
:107F2000B3F1005F04D1002A3CD0B2F1804F3BD0C6
:107F3000A169C3009BB241B912B92F3398B2E9E7E6
:107F4000B2F1804F2AD14333F8E7002A0CBF1E223A
:107F5000312210288CBF1E211A2119446369B3F500
:107F6000801F89B21CD1124C2668002ED1D0114D31
:107F7000D5E9013018442B680F4D00FB0330D4E9DC
:107F80000134234468430133B0FBF3F0B0FBF6F057
:107F90004843B0FBF5F0104480B2BBE73122D8E78C
:107FA0005018F9E72F20B5E74320B3E7A00B0020D6
:107FB000D00B0020C00B002040420F0070B5BEB0B7
:107FC00040220021064615A8FAF72AF96448644CB5
:107FD000644D01A902F00CFBC8B9634B1B789807EC
:107FE00002D501A801F034FDE36833B901A8FFF719
:107FF0008BFF5E4A1368034413602B68002BC1BFDC
:108000005B4A03F1FF3316602B6000F003FA54481B
:1080100015AB0BAA402102F07FFA60B915A90BA895
:1080200001F090FC0BA8FFF76FFF504A1368034460
:10803000136000F00DFA4A4815AB0BAA412102F07B
:108040006BFA40B90BA8FFF75FFF484A1368034477
:10805000136000F0FDF923681A6DD10407D50021E3
:10806000022000F0A7F823684FF480521A651A6DB9
:10807000520706D50021012000F09CF82368042255
:108080001A651B6D9B0606D50021012000F092F8B1
:10809000236820221A65374C3148214602F0F3FA52
:1080A000354B62691978002A51D071B901223348E1
:1080B0001A7001F0AFFA0721294802F01DFA28488A
:1080C00002F06FF9264802F056F92B68002B11DDFB
:1080D000274B1B6803F5FA73B3420BD80721002620
:1080E0001F482E6002F008FA01F028FB31461020EC
:1080F00000F060F8224B1A7832B1224A12781AB195
:1081000000221A70FFF708FD1F4B1A78EAB11F4DC5
:108110002968D1B1A26A914217D27E2A15D80022CD
:108120001A70FFF73DFA2A68A36A19499B1A4FF49F
:108130007A725343174AB0FBF2F225A8B3FBF2F26E
:10814000F8F78EF925A801F065FA3EB070BD002958
:10815000BBD011481A7001F05DFA00F0B5F8B4E731
:10816000DC0C0020E00B0020400D0020B80B0020AC
:10817000E40B0020F00B0020BC0B00200FCD00080A
:10818000BD060020BD0B0020BC060020980B00207F
:1081900055CD000840420F002ECD0008034A0023B1
:1081A00013609380024A136093807047470D00204C
:1081B000410D0020044B5A781043587011B1034B05
:1081C00001221A70704700BF470D0020540D002097
:1081D00000487047470D002070B5364B1B781B07D1
:1081E00090B0054602D4002010B070BDFFF75CFED1
:1081F0000028F8D0FFF784FE05A902F044FAFFF743
:108200007FFE01A902F064FA099B2B4C0BB11023ED
:108210002370089B0BB1202323700A9BFBB13023F2
:108220002370019BE370029B2371A3784BB9069BDB
:1082300013B1072B18BFA370059B13B1072B18BFF1
:10824000A3701E4B1A78A2B100221A701C4B226830
:108250001D601C4B1A60A2889A800120C4E7237815
:10826000002BDED1174B1B78002BDAD00123637172
:10827000D7E71148062100F047FA10B16379002BC7
:10828000B1D02378302B03D10E4B1B78302BDDD1AE
:108290000B4B1E68AE1B632EA5D90A490648062261
:1082A000F8F700F90028D1D140F6B7339E42CDD877
:1082B00099E700BF400D0020470D0020540D00201D
:1082C000500D0020410D0020024B00221A609A80C0
:1082D000704700BF470D002070B51D4BDA6C42F0AF
:1082E000010288B0DA64DA6C02F001020192019AAC
:1082F000DA6C42F00202DA64DB6C03F00203002461
:10830000012502934FF4004603A94FF09040029BD1
:108310000794CDE90365CDE9054402F00FFC03A9FC
:108320004FF09040CDE90355CDE90544079402F0A4
:1083300005FC224631464FF0904002F0C3FC224635
:1083400029464FF0904002F0BDFC08B070BD00BF60
:108350000010024008B501224FF400414FF0904058
:1083600002F0B0FC0122BDE8084011464FF09040F9
:1083700002F0A8BC10B5082400224FF400414FF0D1
:10838000904002F09FFC012211464FF0904002F015
:1083900099FC4B2001F00EFE01224FF400414FF0FA
:1083A000904002F08FFC002201214FF0904002F03B
:1083B00089FC013C4B2001F0FDFD14F0FF04DBD1F2
:1083C00010BD000010B5044601F0EEFD094B503021
:1083D0001860094B00224FF400414FF090401C7090
:1083E00002F070FCBDE81040002201214FF09040E7
:1083F00002F068BC5C0D0020550D0020044B1B787A
:10840000024623B901214FF0904002F05BBC704757
:10841000550D002038B50B4B1B7893B90A4C2568D5
:108420007DB901F0C1FD094B1B68C01A282808D985
:108430002A4601214FF0904002F044FC01F0B4FDC7
:10844000206038BD550D00206C0D0020640D00200B
:1084500038B50C4B1B789BB90B4C256885B901F0DE
:10846000A3FD0A4B1B68C01A282809D92A464FF4D5
:1084700000414FF0904002F025FC01F095FD206096
:1084800038BD00BF550D0020700D0020680D002084
:1084900070B53C4B1B780446F3B13B4D2B688342CF
:1084A00019D83A4B1C6801341C6004F00304621EA6
:1084B00018BF012201214FF0904002F003FCE21EA0
:1084C00018BF01224FF400414FF0904002F0FAFB38
:1084D0002B6850332B6070BDFFF77AFE03782C4D6C
:1084E000302B0FD100224FF400414FF0904002F0AA
:1084F000E9FB002201214FF0904002F0E3FB012351
:108500002B70E8E7FFF764FE4678002EEAD12B785F
:108510006BB101224FF400414FF0904002F0D2FBCA
:10852000012211464FF0904002F0CCFB2E70194D05
:108530002B6873B12B68E31A0F2B0AD901224FF471
:1085400000414FF0904002F0BDFB00232B60124B26
:108550001C60124D2B686BB12B68E31A0F2B09D9E5
:10856000012211464FF0904002F0ACFB00232B603B
:108570000B4B1C60FFF798FC0028ACD1BDE87040A5
:10858000FFF73CBF550D00205C0D0020580D00206A
:10859000600D0020700D0020680D00206C0D002083
:1085A000640D002008B5FFF7E1F90320FFF72CF870
:1085B00010B10D4B01221A700220FFF74FF802286C
:1085C0000DD1094B1B785BB901F0EEFC074B18602D
:1085D000FEF7C6FF022805D1054B064A1A6008BD02
:1085E0003C20FCE73620FAE7740D0020780D0020CF
:1085F0007C0D00200000FF1F0B4A1368B3F1805F61
:1086000010D30A4B1B68C01AB0F5967F0AD372B616
:10861000074913688B6053F8041B81F30888002115
:1086200011601847704700BF7C0D0020780D0020B6
:1086300000ED00E010B540F2FF130022013B39D1FC
:108640002A4B002A38D102221A600021FF22013A67
:1086500035D1B1BB02225A6000217F22013A33D1C9
:10866000A1BB02229A6000217F22013A30D189BB4E
:108670000222DA6000211F22013A2DD171BB0222B1
:108680001A6100211F22013A2AD159BB0222184C3B
:108690005A61184910222046C3E90622F7F7DCFF89
:1086A0002046F7F76DFF0022044414F8013D782BB3
:1086B0001AD010BD0122C1E74FF40072C4E70121B6
:1086C000C5E74FF48072C6E70121C7E78022C9E7FA
:1086D0000121CAE78022CCE70121CDE72022CFE7A4
:1086E0000121D0E72022D2E72270DEE7A00D002092
:1086F000800D0020B7CD000800487047A00D002075
:1087000000487047800D002000238B4201DB0120D0
:108710007047C25C0AB90133F7E7002070470000D8
:10872000082801D840B27047093806289ABF024B82
:1087300018564FF0FF3070479CCE000830280DD8F7
:1087400020280DD818280DD814280DD810280DD899
:108750000C280DD808280DD840B270470F2070475C
:108760000E2070470D2070470C2070470B2070477B
:108770000A207047092070472DE9FF41136806461B
:108780000F46904633B90A46244904B0BDE8F0418B
:10879000F7F766BE536892684FF47A7403FB04449B
:1087A00013440133B4FBF3F4FEF7FAFED8E90152A7
:1087B00015441B4AD8F80030B0FBF3F30135B3FB86
:1087C000F5F393421AD9174A41F2C6015A43B1EB65
:1087D000B21F16D3144AB3FBF2F3144A00920A20D4
:1087E000B4FBF0F100FB1144CDE901143A46104905
:1087F0003046F7F735FE04B0BDE8F081B3F57A7F77
:1088000009D34FF47A72B3FBF2F102FB113212B9C1
:10881000084A0B46E2E7084AE0E700BFC5CD00087A
:108820003F420F003961C26840420F00C3CD0008CB
:10883000D9CD0008A3CD00080ECD000810B58021C9
:10884000044600F05BFC20460021BDE8104000F02B
:1088500055BC000073B50B7803F06003202B044671
:108860000D4606D0402B04D063B12046FFF7E6FF4B
:1088700005E0D4F8B43229469B682046984700208A
:1088800002B070BD4B78092BEFD801A252F823F04B
:10889000478A00087D8A00086B8800086F8A0008F4
:1088A0006B88000871890008B98800086B88000887
:1088B000178A0008B389000849880E0A0023022E8F
:1088C000ADF806300BD0032E1AD0012ECDD1D0F842
:1088D000B0321B68207C0DF10601984706E0D0F805
:1088E000B4320DF10600DB6A98474670BDF80620E9
:1088F000002A39D0EB8873BB204600F0D7F9BEE7D9
:10890000C9B205291ED8DFE801F003090D111519B8
:10891000D0F8B0325B68002BDCD1A6E7D0F8B032DB
:108920009B68F8E7D0F8B032DB68F4E7D0F8B032F3
:108930001B69F0E7D0F8B0325B69ECE7D0F8B032F1
:108940009B69E8E7D0F8B4329B6B002B8DD00DF11A
:1089500006029847CAE79A4228BF1A4601462046AF
:10896000ADF8062000F078F9EB88002B87D1C3E73B
:108970008B88002B7FF479AFCB88002B7FF475AF09
:108980004D887F2D3FF671AF90F89C32032B3FF45A
:108990006CAFEDB280F89E52294600F0C1FB204634
:1089A00000F084F91DB1022384F89C3267E70123AB
:1089B000FAE78978374D012929703FF656AF90F8CC
:1089C0009C32022B08D0032B13D0FFF737FF2978F6
:1089D000204600F0AEF952E700298DD00121032393
:1089E000416080F89C32204600F096F9022883D13D
:1089F0003BE731B9022380F89C32416000F099F9DD
:108A00007AE7416801293FF477AFC9B200F091F9E4
:108A100029786160E7E7CA88012A7FF426AF90F8D9
:108A20009C32022B0AD8002B3FF41FAF01460023D3
:108A300041F8083F204600F00FF920E7032B7FF4B0
:108A400014AF011DF6E790F89C32013B022B3FF674
:108A50000CAFCA88022A7FF408AFD0F8A432003BDA
:108A600018BF012301465B0041F80C3FE2E74B8849
:108A7000012B7FF404AFC4F8A4323DE790F89C3298
:108A8000013B022B3FF6F1AE4B88012B7FF4F7AE92
:108A90000023F0E7C00D002038B50B7803F060022A
:108AA0005B0604460D4601D5402A15D194F89C3248
:108AB000013B022B10D82B79012B0DD8D4F8B432FE
:108AC00029469B6820469847EB881BB910B9204679
:108AD00000F0ECF8002038BD2046FFF7AFFEF9E7C4
:108AE00038B50A7802F06002202A04460B4606D008
:108AF000402A04D05AB12046FFF7A0FE05E0D4F882
:108B0000B4221946926820469047002038BD5A7812
:108B10008D880979012A35D0032A21D0002AEAD18B
:108B200090F89C32022B44D0032BE4D101F00F03C8
:108B3000142215F0800F02FB030349D09B69002B20
:108B4000D9D001F07F03142503FB05558029054486
:108B500049D0204600F09EFA002849D0012343E086
:108B600090F89C22022A1BD0032AC4D15A882AB921
:108B70004A0603D0DB880BB900F0C0FA204600F0AB
:108B800095F8C2E790F89C22022A09D0032AB2D1B4
:108B90005B88002BB9D14D06F0D000F0B8FAEDE7B4
:108BA0004B06A8D000F0AAFA8021204600F0A6FAD1
:108BB000ABE74A069FD12B064CBF00F1140100F52C
:108BC000AA7100230B600222204600F045F89CE7C2
:108BD000D3F85831002B8ED0142505FB010505F57F
:108BE000AA750029B5D100232B6002222946EBE7A4
:108BF0002860FAE70B7803704B7843704B8843800A
:108C00008B888380CB88C380704710B58021044651
:108C100000F074FA20460021BDE8104000F06EBA62
:108C200070B50D461646044670B1F7F7A9FCC3B2FD
:108C300001335B0033802B7003236B70013C0223F4
:108C4000002014F8011F01B970BD5A1CD2B2E954BA
:108C50000233A854DBB2F4E710B513460222C0E990
:108C60000733C0F894220A46002100F062FA00207F
:108C700010BD08B513460A46002100F05AFA00203C
:108C800008BD10B513460322C0E95733C0F894223B
:108C90000A46002100F056FA002010BD08B5134620
:108CA0000A46002100F04EFA002008BD08B5042352
:108CB000C0F8943200231A46194600F03AFA002010
:108CC00008BD08B50523C0F8943200231A4619469A
:108CD00000F038FA002008BD0C4A012310B582F8D4
:108CE0009C320B4BC2F8B03200240A4B1470104671
:108CF000C2F8B43200F0AEF930B9044800F0E0F93F
:108D0000B0FA80F0400910BD2046FCE7C40D0020F9
:108D1000C40600200008002008B5D0F8B43233B1F2
:108D20001B689847003818BF0120400008BD02208A
:108D3000FCE708B5D0F8B4325B689847002008BD5E
:108D400038B5044600F52A752846FFF753FF01237E
:108D500094F8A812C4F89432B4F8AE32C4F8983239
:108D600001F01F03012B08D0022B0BD07BB9294641
:108D70002046FFF76FFD002038BD29462046FFF74B
:108D80008BFEF8E729462046FFF7AAFEF3E701F03D
:108D90008001204600F0B2F9EDE770B504461646B2
:108DA00039BBD0F89422032A1CD1D0E958539D42F4
:108DB0000BD9ED1AAB4228BF2B46C0F860519AB2CE
:108DC0003146FFF76BFF002070BDD0F8B4321B694D
:108DD00023B190F89C22032A00D198472046FFF740
:108DE00065FFF0E7052AEED1C4F8941200F086F989
:108DF000E9E7D0F8B4329B692BB190F89C22032AA2
:108E000001D19847DFE70220DEE7F8B504461346B4
:108E10000F46002949D1D0F89422022A3AD1D0E94C
:108E20000856B54211D9AD1B19460562AAB2FFF723
:108E300020FF3B461A461946204600F083F994F875
:108E4000A032012B2DD00020F8BDC369B3FBF6F58D
:108E500006FB153565B99E420AD8D0F89822934290
:108E600006D22A46FFF705FFC4F898522B46E1E7E1
:108E7000D4F8B432DB682BB194F89C22032A01D1D8
:108E8000204698478021204600F038F92046FFF719
:108E900018FFD4E732F00403D1D1802100F02EF97D
:108EA000CDE7002384F8A032CDE7D0F8B4325B6977
:108EB0002BB190F89C22032A01D19847C3E70220E6
:108EC000C2E770B500220446114601254026402322
:108ED00000F0FFF833468021C4F85851C4F86461AB
:108EE0000022204600F0F5F8D4F8B832A561002140
:108EF000666284F89C52C4F894126160C4F8A412AB
:108F000023B1D4F8B43220465B689847002070BD86
:108F100001740020704790F89C3280F89D32042341
:108F200080F89C320020704790F89C32042B04BFDC
:108F300090F89D3280F89C320020704708B590F878
:108F40009C22032A04D1D0F8B432DB6903B19847DC
:108F5000002008BD07B50E4B02689A4215D103F5F3
:108F6000DA3302219A6D42F400029A659B6D03F494
:108F70000003019300221420019B01F049F8142002
:108F800003B05DF804EB01F075B803B05DF804FBC5
:108F9000005C004010B5044600F038FF38B9D4F842
:108FA000700204F50C71BDE81040FFF7C9BE10BD9A
:108FB00000EB4113D0F87002D3F83C21FFF7EDBE6F
:108FC00000EB4113D0F87002DA6BFFF71EBFD0F848
:108FD0007002FFF7B3BF10B504460121D0F870024C
:108FE000FFF796FFD4F87002BDE81040FFF769BFA5
:108FF00010B5094B044601221A70FEF7B7FCD4F8ED
:109000007002FFF788FFA36923B1044A136943F094
:109010000603136110BD00BF8810002000ED00E0C2
:1090200008B5836923B1064A136923F00603136167
:10903000D0F87002FFF778FF024B00221A7008BDCB
:1090400000ED00E088100020014B1878704700BF49
:109050008810002038B50D4A05460D48C5F8C002F5
:1090600008230024C0E900230223C0E9023403617D
:109070000123C0E90534C0E90744C0F8705201F08B
:1090800026FE284600F0A0FE204638BD005C0040C9
:109090008C1000200A06D0F8C03245BF01F07F01D5
:1090A00003EB411303EB411393F82A0058BF93F8E5
:1090B0002A01704718B102280CBF01200220704716
:1090C00008B5D0F8C00201F061FEBDE80840FFF726
:1090D000F1BF10B51446D0F8C0021A46234601F07D
:1090E0007EFEBDE81040FFF7E5BF08B5D0F8C0022E
:1090F00001F0A8FEBDE80840FFF7DCBF08B5D0F8D6
:10910000C00202F03DF9BDE80840FFF7D3BF08B543
:10911000D0F8C00202F068F9BDE80840FFF7CABF06
:1091200008B5D0F8C00201F046FEBDE80840FFF7E0
:10913000C1BF08B5D0F8C00201F0C4FEBDE80840C8
:10914000FFF7B8BF08B5D0F8C00201F0A6FEBDE831
:109150000840FFF7AFBF0000122301480B807047A3
:10916000EC070020042301480B807047C006002054
:1091700008B50A4602480349FFF752FD014808BDF9
:10918000F3CD00080013002008B50A460248034941
:10919000FFF746FD014808BD0BCE00080013002074
:1091A00008B50A4602480349FFF73AFD014808BDE1
:1091B0000ECD00080013002010B50B4B0C46D3F861
:1091C0009825D3F89015D3F8943586B00A4401A8B1
:1091D0000649F7F745F901A805492246FFF720FDA2
:1091E000034806B010BD00BF0070FF1F28CE000866
:1091F0000013002008B50A4602480349FFF710FD96
:10920000014808BD0ECD0008001300200D4885461A
:109210000D480E490E4A002302E0D458C4500433CE
:10922000C4188C42F9D30B4A0B4C002301E01360A5
:109230000432A242FBD3FEF78BF9F7F761F9FEF790
:109240003FF9FEE7008000200000002064080020B5
:10925000DCCF000864080020D8440020FEE70000AE
:10926000F8B5284B2849294C294E0F221A70294B52
:109270004FF40072C3E901124CF23B532360FFF735
:109280003BFA0746FEF78CF97B6860604FF0010CF3
:10929000C4E9033CBB6863613B68C4F808C0C4E927
:1092A000083CFB68C4F81CC0A361354654F8083B71
:1092B00045F8083B70600FCC0FC594E80F0085E8B7
:1092C0000F00C6F828C07B69134DC6E90B3CBB698B
:1092D00073633B69C6F83CC0C6E9103CFB69B363E5
:1092E00000F07CFE2C4624F8020BFFF709FA014639
:1092F0002046F7F7B1F905F11B000849BDE8F84031
:10930000F7F7AAB9400D002023102500881500208A
:1093100040150020341500200015002033CE000831
:1093200073B54B78D0F8B862162B1EBF434B0222A0
:109330001A7005460C46FEF7B7FD08B9FFF788F826
:109340006378192B26D8DFE803F061630D25162B0F
:109350002E612525632861362525252525254710DD
:109360004A1214500823002107E01123FBE70123D0
:10937000F9E70C23F7E7324928236078192809D840
:10938000012282402F481040002843D12E4810402F
:1093900000284BD1294B312214E02C494823ECE71B
:1093A0002B490C23E9E74FF080435B6A01930423C8
:1093B0000DEB0301E1E70DF10200FEF769FD28B9AD
:1093C0001E4B36221A70002002B070BD9DF802308C
:1093D000003B18BF0123E9E71E493423CDE7174BB3
:1093E0001B788DF801300123E2E76388012B0AD155
:1093F0000220FEF709F9003818BF01204000ADF83F
:1094000002000223D4E70D4B3222DBE70423AAE754
:109410001423A8E72068616806F5827303C3314608
:10942000E2882846FFF72DFC0120CDE7E2889A422A
:1094300028BF1A462846FFF70FFCF5E7E006002094
:10944000881500208714A0017028500240150020C4
:10945000341500200015002038B5D0F8B84294F833
:109460000531182B16D8DFE803F00D162A1515154F
:10947000156F151521157415151515151515157D6F
:1094800015949C0022684BF6EF639A4202D04A4B37
:1094900036221A7038BDD4E90001D4E90223014410
:1094A0002069FEF7F9FA444B1870F3E7D4E900019C
:1094B000D4E9022301442069FEF70EFBF3E7236899
:1094C000012B02D93C4B3222E3E70ED1FEF7ECFC34
:1094D00010B1394B3422DCE76368D80505D5FEF7B7
:1094E000EFFC10B9344B3A22D3E7344B0F221A70F9
:1094F0006268110744BF0E211970D50642BF197862
:1095000061F07F011970100442BF197821F0020147
:109510001970510442BF197841F050011970236845
:10952000012B0CD1D30702F0020006D5002814BF8E
:1095300003200220FEF7BAFBB5E74000FAE71BB9AB
:10954000BDE83840FEF712BA2078BDE83840FEF793
:1095500039BF2068451E68426841FEF797FC002825
:1095600095D097E72078144D28B1431E012B06D9DA
:1095700032232B708EE7FEF777FC28708AE7D4F849
:109580000520D4F80110841E60426041FEF736FBCE
:10959000F3E70A4B1B785B0694D52078FEF77AFC3C
:1095A00081E76388012B8DD12388052B8AD1032085
:1095B000FEF754F877E700BFE0060020400D0020DA
:1095C00008B5FEF709FE18B1BDE8084000F066BA1C
:1095D00008BD000010B504460C4800F0B3F898B17F
:1095E000032303720F234372847272B6BFF34F8F4B
:1095F000BFF36F8F064B1A6E18665C33C0E90032FA
:10960000106062B6BFF36F8F10BD00BF0C44002026
:10961000C043002038B5184B1B78DB06054601D443
:10962000002038BD154800F08DF804460028F7D01A
:109630002846F6F7A5FF4E28024689BF14220346A6
:1096400013460F4D023323720E236372294604F131
:109650000A00F6F719FE72B6BFF34F8FBFF36F8F94
:10966000084B1A6E1C665C33C4E90032146062B6A3
:10967000BFF36F8F0120D4E7400D00200C44002081
:1096800040CE0008C043002072B6BFF34F8FBFF337
:109690006F8F4B684860C0E90013186062B6BFF373
:1096A0006F8F704770B5E0B11D4B03F1540203F1A9
:1096B0004400C3E915221B4A5864002506460446A7
:1096C0000135402DC2E900641046226002F15802C3
:1096D000F5D1154A9A645460A2F5B563C3F8A8653C
:1096E0002260E1B10E4B03F15C0203F14C01C3E9CE
:1096F00017220E4AD96400240D4608460134462C30
:10970000C2E900501146026002F15802F5D1084A40
:109710001A655060A2F5F763C3F8B857026070BDD0
:10972000C0430020C02D002068430020B015002059
:10973000682D002001210846FFF7B4BF0021012059
:10974000FFF7B0BF034672B6BFF34F8FBFF36F8F03
:109750000068834200D020B962B6BFF36F8F00204B
:109760007047D0E9002353601A6062B6BFF36F8F71
:109770007047000010B500F0C5FB68B90748FFF757
:10978000E1FF044640B1083000F084FB2046044964
:10979000BDE81040FFF778BF10BD00BF1C4400209B
:1097A0000C4400202DE9F0478AB0FEF7A9FB00F039
:1097B0009EFF002870D04E48FFF7C4FF04460028E3
:1097C0006AD0DFF8308198F8007017F0400766D053
:1097D000437A0A2B0AD001210220FEF7EBFC46490E
:1097E00020460AB0BDE8F047FFF74EBFFEF770FB1A
:1097F0000228F0D1207AD4F80B6094F80AA0E77B15
:109800000838FEF79BFF04F11009C5B2002303934B
:109810000793029306934FF400030893FEF74AFB65
:10982000003818BF0120002EB7BF4FF08043C6F3A9
:109830000A03029326F060437200019348BF4FF081
:1098400000534FEAC07048BF03931AF0020F05900F
:10985000099708D04FF400131AF0040F07931CBFA8
:109860004FF4801306932D0405F47025494601A892
:109870000495FEF79DF8C8B972B6BFF34F8FBFF3DA
:109880006F8F1E4A134653F8541F4C60C4E90013EF
:10989000546562B6BFF36F8F0AB0BDE8F087C66843
:1098A00090F812A0057C00F11409AFE798F8003099
:1098B0005B0617D41248FFF745FF054690B104F147
:1098C000080150220830F6F7DFFCAB7C0D4913F09D
:1098D000020F4FF0804328465B6A14BF6B65EB6153
:1098E000FFF7D2FE04492046FFF7CEFED4E700BFC3
:1098F00014440020400D002004440020C0430020F8
:109900000C4400201C44002010B50C4CFFF732FF23
:10991000FFF748FF626C04F144039A4203D100212F
:109920000420FEF747FCE26C054B9A4205D1BDE8E6
:10993000104000210820FEF73DBC10BDC0430020B0
:109940000C4400202DE9F84305463E48FFF7FAFE97
:109950000F460446002873D0D5E90063B3F1804F69
:10996000AB6806BF26F0604646F00046C6F30A061E
:10997000B3F1005FAB6908BF46F08046B3F5001F46
:109980003DD16B69B3F5801F2B690CBF4FF0060802
:109990004FF00208B3F1004F01D148F00808DFF89A
:1099A000A890E88999F8003013F0400300F00F0008
:1099B00028D0FEF7B5FEC2B202F10B0323720C23CE
:1099C00063724FF0804384F80A80C4F80B605B6ACE
:1099D000C4F80F3099F90030002BADBFD31D3946C4
:1099E00004F113002372A4BF394604F10F00F6F707
:1099F0004BFC20461549BDE8F843FFF745BE4FF044
:109A00000008CCE76374E3744FF0FF33A36084F87D
:109A10001280E6602074394604F1140307F1400215
:109A200051F8040B43F8040B9142F9D1AB69B3F53B
:109A3000001F4FF080435B6A0CBF6365E361D8E7AA
:109A4000BDE8F8830C440020400D00201C44002099
:109A500010B50F4C23785B06014618D50D48FFF76B
:109A600071FEA0B10B2242720A6A82724FF08042EC
:109A70000949526AC0F80B2094F90020002AB4BFAB
:109A8000072203220272BDE81040FFF7FDBD10BDA2
:109A9000400D00200C4400201C440020F8B5544820
:109AA000FFF750FE0546002800F0A180514E5022DD
:109AB00000210830F8F7B4FB33785B064CBF05F1A2
:109AC0000E0405F11404FEF783FB0378202B09D064
:109AD000302B2AD0102B1BD043797BB1637843F015
:109AE00040030AE0C3781BB1637843F0200363703E
:109AF00003791BB1637843F010036370002382780D
:109B0000013A052A15D8DFE802F0303512393D2D2B
:109B1000C3781BB1637843F0080363700379002BAB
:109B2000ECD0637843F00403E7E74023E7E743F032
:109B30002003317811F040062ED14278D70648BF75
:109B400043F00103120742BF627842F001026270E3
:109B5000477862787F0719D542F00202627043F0BD
:109B6000040315E043F40073E3E7A27842F0040233
:109B7000A270DEE7A27842F00202F9E7A27842F092
:109B80001002F5E7A27842F00802F1E7002AE6D1D8
:109B9000A2780AB143F0080342786271C278A271D8
:109BA0000279E271B6B112222A72C5F80A300D228A
:109BB0004FF080436A725B6AC5F816300B0601D419
:109BC0000E232B7228460C49FFF75EFDBDE8F840D6
:109BD000FEF77ABB43F00053EB6008232B744FF081
:109BE000FF324FF08043AA605B6AEB61EAE7F8BDA1
:109BF0000C440020400D00201C4400203223038030
:109C000000487047B8070020E02910B509D0EE29B8
:109C10000AD0142910D10C490C48FFF701F80A4862
:109C200010BD09490A48F8E707490A48FEF7F8FF56
:109C3000054A20231374F2E7002414802146FEF71E
:109C4000E4FF2046ECE700BF0013002055CE0008DB
:109C500066CE000880CE0008F8B5D0F8B8520646A7
:109C600005F14400FFF76EFD05F1B4070446D0B1DD
:109C7000502239460830F6F707FB72B6BFF34F8F14
:109C8000BFF36F8FAB6DAC655435C4E900531C60F6
:109C900062B6BFF36F8F50233A4602213046FFF77A
:109CA00051FA0020F8BD01210420FEF783FAF2E703
:109CB00008B5D0F8B82292F8413003F0FF014BB15B
:109CC000002382F8413005481A468121FFF731FA16
:109CD000002008BD82F84010FAE700BFC40D002044
:109CE00008B5FFF7B9FB002008BD10B58121044677
:109CF000FFF7FBF902212046FFF7F7F9002010BD1E
:109D000070B5104DC0F8B85240230222812104469C
:109D1000FFF7DFF90222114640232046FFF7D9F969
:109D2000094B00221A701A7185F84020FF225A71DF
:109D3000204605F1B4025023BDE870400221FFF730
:109D400001BA00BFC0430020CD44002038B50A78D6
:109D500002F06003202B044604D0402B02D043B312
:109D6000002038BD02F01F02012A8D8819D1202B56
:109D700017D1012D15D14B7833B1032B0BD0002116
:109D80002046FEF742FFEBE7FEF70CFC3C28E7D14C
:109D90000B4B1D71E4E70A4906222046FEF75CFFE3
:109DA000DEE7002DEBD12046FFF7BAFA0028E6D017
:109DB000D6E74B780A2BD3D102490122EEE700BF48
:109DC000CD440020CC44002010B5002204461146AA
:109DD0001823D0F8C00201F03BFBD4F8C00258238E
:109DE0000022802101F034FBD4F8C002D8230022E5
:109DF000812101F02DFBD4F8C002034BBDE81040D7
:109E00000122022101F024BBD801580138B5D0F855
:109E1000704200F50C7104F52A70FEF7EBFE94F821
:109E2000A80210F01E002CD194F8A932202B09D1E1
:109E3000B4F8AA52012D05D8B4F8AC32042B02D0E4
:109E4000052B0BD038BDB4F8AE220F49402A28BFED
:109E500040222046FEF700FF0120F3E792220B4943
:109E60000B48F6F711FA012D08BF094A084904BF4B
:109E7000322382F84630B4F8AE22922A28BF9222CA
:109E8000E7E70020DEE700BF78070020E4060020B7
:109E90000013002070B5194D2B785B0606461DD5C2
:109EA0000478174BD3F8B852012385F8403014B327
:109EB00004F03F03B3FA83F35B09DBB285F841306A
:109EC0006435224631462846F6F7DEF923462A460F
:109ED0000B48BDE870408121FFF72BB9FDF7F0FF7B
:109EE00095F9003000280CBF18245024002BA4BF83
:109EF000043CA4B2D5E72346DFE700BF400D0020B5
:109F0000C40D0020024BD3F8B83293F840007047DC
:109F1000C40D00207047000038B50F4B1A68054685
:109F20000AB9012038BD4FF47A73B3FBF2F30B4A40
:109F30001068B0FBF3F000F0ABF804460028F0D155
:109F40000F2DEED8024629464FF0FF3000F060F8A2
:109F5000034B20461D60E5E73C080020B8060020C2
:109F600040080020094A136823F4806310B50320D9
:109F7000136000F03BF80020FFF7CEFF044618B94D
:109F8000FFF7C8FF204610BD0124FBE70020024078
:109F9000034A0449136809680B441360704700BF03
:109FA000D44400203C080020014B1868704700BFD3
:109FB000D444002038B50446FFF7F6FF631C1CBFED
:109FC000054B1B68054618BFE418FFF7EDFF431B60
:109FD000A342FAD338BD00BF3C080020024B1868EA
:109FE000C0F30B00704700BF002004E00749CA68B7
:109FF00022F4E0620302120403F4E063120C134340
:10A0000043F0BF6343F40033CB60704700ED00E0E2
:10A01000164B30B5DC68C4F30224C4F10703251DD8
:10A02000042B28BF0423062D4FF0FF358CBF033CC3
:10A03000002405FA03F321EA0303A54022EA0502FE
:10A04000A340002843EA0203ACBF00F16040084A85
:10A050004FEA0313B8BF00F00F00DBB2AABF00F550
:10A060006140135480F8003330BD00BF00ED00E0C4
:10A0700014ED00E0002807DB4109044A00F01F004E
:10A080000123834042F82130704700BF00E100E027
:10A090000138B0F1807F0BD24FF0E023054A5861C0
:10A0A000F02182F823100020072298611A6170477E
:10A0B0000120704700ED00E0704708B5FFF7FCFF96
:10A0C00008BD704738B50446002800F0BA8090F803
:10A0D0005C3003F0FF021BB980F85D20FFF7F1FF51
:10A0E0002268936923F010039361FFF75DFF054633
:10A0F00023689A69110700F197809A6942F001027A
:10A100009A61FFF751FF054623689A69D20740F12B
:10A110009A809A6942F002029A61574A934204BFB8
:10A120006168C2F80011227C012A9A690CBF22F0F2
:10A13000400242F040029A61627C012A9A690CBF97
:10A1400042F4804222F480429A61A27C012A9A69F8
:10A150000CBF22F4805242F480529A619A69A0683E
:10A1600022F4407202439A619A6922F0A4029A6131
:10A170001A6922F010021A61E268012A6AD19A690A
:10A1800042F004029A61A269511EE269013A120288
:10A1900042EA4162216A01390A436169013942EAAE
:10A1A0000142B0F5407FDA610ED1E26A511E226BA6
:10A1B000013A120142EA0122A16A01390A43616AA5
:10A1C000013942EA0142DA60D3F8C020E16B2B4842
:10A1D0000A43C3F8C020D3F88020616B206422F4C6
:10A1E000F81242EA0142C3F88020254A6264D3F89B
:10A1F0008020A16B22F0706242EA0162C3F88020E5
:10A20000204BA364D833E364D833236518336365E4
:10A210004FF454720021F8F703F800200123206660
:10A22000A06584F85C300DE0FFF7BEFE401B0A28F5
:10A230007FF65EAF236E43F001032366032384F8A9
:10A240005C30012038BDFFF7AFFE401B0A287FF6C7
:10A250005BAFEFE7002A96D0022A09D0996941F056
:10A26000800199611969032A41F0100119618AD1AD
:10A270009A6942F0200285E70064004000A4004093
:10A2800070A40040B0A40040704770B590F85C30F6
:10A29000013B012B1BD8D1E90153D1E903644A6981
:10A2A00009689B0749B943EAC663016C134343EA53
:10A2B000044341F82530002070BD416C01EBC5001E
:10A2C00044EA46741A4341F835404260F3E7036EAE
:10A2D00043F0020303660120EEE730B590F85C40DE
:10A2E000012C10D105680398D5F8804040EA43005E
:10A2F00040EA820040EA011024F03F031843C5F809
:10A300008000002030BD036E43F00403036601208B
:10A31000F8E790F85C30012B13BF036E036842EA44
:10A32000012243F004030BBF002003669A6401205E
:10A33000704790F85C30012B06D10268D36843F473
:10A340000003D36000207047036E43F004030366EC
:10A350000120704790F85C30012B06D10268D36869
:10A3600023F40003D36000207047036E43F004031E
:10A3700003660120704790F85C30012B0BD1026816
:10A38000022380F85C30936923F00103936100237A
:10A39000036618467047036E43F00403036601200A
:10A3A000704790F85C20022A034628D10268916920
:10A3B00041F0010191610C219069C00711D59169AB
:10A3C00021F0100191610C21906910F0080013D167
:10A3D000916941F0020191610122986583F85C2046
:10A3E00070470139E8D11A6E42F001021A66032261
:10A3F00083F85C20012070470139E5D1F3E7026E54
:10A4000042F008020266F5E710B5044670B1FFF7A6
:10A41000C8FF2268D36D23F003032046D365FFF7FE
:10A4200033FF0020206684F85C0010BD0120FCE7AB
:10A430002DE9F04390F85C30022B914655D1D0F8CD
:10A4400000C0DCF8C45015F4001505D0036E43F4C9
:10A450000073036601202FE0D1E90042DCF8C460FC
:10A460000B698F68C6F3014642BB3B4343EA844312
:10A47000D1E906743C434F69D0F854803C43CF681F
:10A480003C430F6A44EA07644827774307EB080E0A
:10A4900047F80830CEF80440164C4A460EF1080E34
:10A4A000CB89E35C9D4202F104020CD30123B3404B
:10A4B000CCF8CC3083650020BDE8F08323433B43D8
:10A4C00043F08043D4E712F8023C12F8017C1B04ED
:10A4D00043EA076312F8047C3B4312F8037C43EA27
:10A4E00007234EF805300435DAE7036E43F008031E
:10A4F000AFE700BFA3CE000890F85C30022B15BF79
:10A50000036E036843F00803002016BF0366C3F818
:10A51000D010012070470000F0B590F85C40022C8C
:10A520005FD1402904684AD1D4F890502E0705D154
:10A53000036E43F4807303660120F0BDD4F890509D
:10A54000846CC5F30125482606FB0544276807F0FF
:10A55000804757602668002F3BD1C6F38A461660B5
:10A560002668DFF888C006F000569660266806F078
:10A5700000461661A688D661666806F47026D66025
:10A58000666806F480165661666806F400169661E1
:10A59000E67906F07F0616626668F60F56620734A3
:10A5A0000026D7891CF80770B74215D803684029E0
:10A5B0000CBFC3F89450C3F89C500020BDE7D4F8FA
:10A5C00098502D07B4D0D4F89850C46CC5F3012529
:10A5D000B9E726F06046C2E714F8017F9F550136BF
:10A5E000DFE7036E43F00803A5E700BFA3CE000832
:10A5F00070B590F85C30022B41D10668D6F8E43093
:10A600005B0705D1036E43F480730366012032E0DB
:10A61000D6F8E430006DC3F3012300EBC30250F819
:10A62000335005F080454D6050F8334025BBC4F3EE
:10A630008A440C6050F8334004F000548C6050F8A9
:10A64000330000F0004008619088C861506800F451
:10A650007020C860506800F480104861506800F4B1
:10A6600000108861506800F440004862D2790A62A4
:10A670000020C6F8E83070BD24F06044D9E7036ECE
:10A6800043F00803C1E703685B6C03F007020A604C
:10A69000C3F302224A6003F018028A60C3F3401237
:10A6A000CA60C3F380120A61C3F3C0124A61C3F3E4
:10A6B000C0228A61C3F30032CA61C3F340320A6226
:10A6C000C3F38032C3F306434A628B6200207047B3
:10A6D00003681B6CDAB20A60C3F306224A60C3F354
:10A6E000C032C3F307438A60CB6000207047036821
:10A6F000D3F8C40000F0070070470000064B5A6909
:10A70000002ABFBF054A9A6002F188329A60BABF38
:10A710005869C00F002070470020024023016745A0
:10A72000044B5A6942F000425A615869C043C00F55
:10A73000704700BF00200240064B586910F080406F
:10A7400007D0054ADA6002F14432DA605869C0F392
:10A7500080707047002002403B2A1908054B5A6957
:10A7600042F080425A61586980F08040C0F38070A6
:10A77000704700BF0020024070B50646FFF714FC8A
:10A780000F4C05462369DA030BD423694CF2FA32E5
:10A7900013400DD00B494A681A434A6001202361D7
:10A7A00070BDFFF701FC401BB042EBD90320F7E777
:10A7B0002369DB0744BF012323610020F0E700BFCA
:10A7C00000200240440800202DE9F843DFF8A88269
:10A7D00098F80030012B054600F056810124002333
:10A7E00088F80040C8F804300368234000F03A813C
:10A7F000D0E90196C7684FF47A70FFF7BDFF90B9B2
:10A800009E4BB9F1000F40F0268146EA0746DE6212
:10A810005A6942F400325A614FF47A70FFF7ACFF84
:10A82000041E18BF01242B689E0719D54FF47A70B7
:10A830002E69FFF7A1FF002840F016818F4A136AA6
:10A8400023F0FF0333431362536943F4003353612E
:10A850004FF47A70FFF790FF002818BF44F001040E
:10A860002B68580740F186804FF47A70D5E9057659
:10A87000FFF782FF002840F0F98017F001030EBFB8
:10A880001A4606F4E0634FF4E062B90742BF06F4EB
:10A8900080510B4342F48052780742BF06F40051C6
:10A8A0000B4342F40052F90442BF06F480410B43CB
:10A8B00042F48042380742BF06F480310B4342F431
:10A8C0008032F90642BF06F400310B4342F40032F5
:10A8D000B80642BF06F480210B4342F48022790679
:10A8E00042BF06F400210B4342F40022B80542BFE8
:10A8F00006F400010B4342F40002790542BF06F062
:10A9000080710B4342F08072380542BF06F000713F
:10A910000B4342F00072B90442BF06F080610B4362
:10A9200042F08062780444BF06F000610B43534854
:10A9300048BF42F00062390442BF06F040510B4369
:10A9400042F04052016AFF0342BF06F0804642F0E7
:10A950008042334321EA020213430362436943F412
:10A96000003343614FF47A70FFF706FF002818BFE9
:10A9700044F001042B6818072DD5D5E90897B9458F
:10A9800029D04FF47A70EE69FFF7F6FE00286FD1F8
:10A99000F1070FD539493A4A4B6A09F17849134012
:10A9A00043EAD9034B628B6A07F17847134043EAC5
:10A9B000D7038B62314B9A6A62F31E069E625A6914
:10A9C00042F400325A614FF47A70FFF7D5FE002846
:10A9D00018BF44F001042B689A061BD54FF47A7017
:10A9E000D5E90B76FFF7C8FE002843D1234A012F93
:10A9F00001BF136F23F07F0333431367536943F49D
:10AA0000003353614FF47A70FFF7B6FE002818BF89
:10AA100044F001042B68DB0617D54FF47A70AD6A59
:10AA2000FFF7AAFE70BB154A136F23F480332B4344
:10AA30001367536943F4003353614FF47A70FFF79F
:10AA40009BFE002818BF44F00104002388F8003062
:10AA50002046BDE8F883B9F1010F04BF46EA074676
:10AA60001E63D5E61C46DEE60124F9E6012481E7F3
:10AA70000124B0E70124CDE7440800200020024073
:10AA800000C0FFFF0124E0E70224E1E7426806235B
:10AA9000012A03600CD807230360264B002A43D108
:10AAA000DA6A02F03F028260DB6AC3F30543C360E7
:10AAB000204A136ADBB2AA2B03D0CC2B0CBFCC23C9
:10AAC000BB230361136A23F0FF038361C369012B76
:10AAD00016D1036843F008030360516A164B03EA7A
:10AAE000C10101F100610162916A03EAC10303F14E
:10AAF00000634362936A03F0004343F00103C361C0
:10AB000003680C4943F0100202600A6F02F48032BD
:10AB10008262C26A012A06D143F0300303600B6FE0
:10AB200003F07F03036370471A6B02F03F028260F9
:10AB30001B6BBAE700200240F8FF01002DE9F74F38
:10AB4000DFF874815D4C00234FF00F090A6832FA78
:10AB500003F502D103B0BDE8F08F012505FA03FA31
:10AB60001AEA020200F09C804D6825F0100EBEF13A
:10AB7000020F11D1DF0800EB870703F0070C3E6AD4
:10AB80004FEA8C0C09FA0CFB26EA0B0B0E6906FA4D
:10AB90000CF646EA0B063E62D0F800B04FEA430CD2
:10ABA000032606FA0CF72BEA070BFE4305F0030712
:10ABB00007FA0CF70EF1FF3E47EA0B07BEF1010F53
:10ABC000076010D8876806EA070ECF6807FA0CF707
:10ABD00047EA0E078760476827EA0A0E2F099F4059
:10ABE00047EA0E074760C76837408E6806FA0CF6DA
:10ABF0003E43C660EE0053D5D8F8606046F00106CB
:10AC0000C8F86060D8F8606023F0030707F1804758
:10AC100006F0010607F58037019603F0030C019E4C
:10AC2000BE684FEA8C0C09FA0CFEB0F1904F26EA90
:10AC30000E0E37D0224EB04236D006F58066B042B6
:10AC400034D006F58066B04232D006F58066B04258
:10AC500030D006F58066B04214BF0626052606FAF7
:10AC60000CF646EA0E06BE602668D74315F4803F10
:10AC70000CBF3E4016432660666815F4003F0CBFCB
:10AC80003E4016436660A66815F4801F0CBF3E4028
:10AC90001643A660E668AD0254BF3E401643E66028
:10ACA000013353E70026DAE70126D8E70226D6E784
:10ACB0000326D4E70426D2E7001002400004014036
:10ACC000000400480AB1816170478162704770B525
:10ACD000044686B0002857D090F8293203F0FF02CE
:10ACE0001BB980F82822FEF735F90323206884F881
:10ACF000293201F0B2FA0021656801260846CBB27C
:10AD00009D4201F101011ED800200246C3B29D42BE
:10AD100000F1010026D804F110060FCE6D460FC5D4
:10AD200033682B60231D0ECB206801F0A0FA0023AE
:10AD300084F82430012384F82932E369012B1FD0E1
:10AD4000002006B070BD04EB4312C2E90E0082F889
:10AD50002830D38602335B0182F8296082F82B0009
:10AD6000E050CCE704EB4311C1E94E2281F82831D1
:10AD70000A335B0181F8292181F82B21E250C5E7D4
:10AD8000204600F07CFBDBE70120DAE710B590F805
:10AD90002832012B04460CD0012380F828320068A9
:10ADA00001F022FD206801F04DFA002084F828020D
:10ADB00010BD0220FCE710B590F82822012A0446B5
:10ADC0000BD0012280F8282280F82410006801F0BE
:10ADD00005FD002084F8280210BD0220FCE770B5B4
:10ADE000054601F0070011F0800F4FEA401414BF30
:10ADF00004F1280104F5947105EB401615BF4919BB
:10AE000049190124002414BF86F8294086F82941F5
:10AE10000A614A780870CB7002B1C881022B04BF66
:10AE200000230B7195F82832012B09D001232868E3
:10AE300085F8283201F038FA002085F8280270BD24
:10AE40000220FCE701F0070211F0800F4FEA4213E5
:10AE500010B514BF03F1280103F59471044618BF1F
:10AE6000091900EB42100BBF09190123002380F8D8
:10AE7000293008BF80F829310A7094F82832012B54
:10AE800009D00123206884F8283201F06BFB0020F0
:10AE900084F8280210BD0220FCE738B501F0070154
:10AEA00000EB4114002584F8281184F82951C4E9E5
:10AEB0004F23C4F8445104F59471006801F0B4FCC8
:10AEC000284638BD38B501F0070100EB4114C4E94C
:10AED0000F23012384F82810002584F82930214607
:10AEE00065642831006801F09FFC284638BD0000E9
:10AEF0002DE9F0470446006801F081FC020408D502
:10AF0000C64E40F68F782068B0F844301A0400F13D
:10AF1000D080206801F073FC43050FD52268B2F899
:10AF2000443023F480631B041B0C2046A2F84430F9
:10AF3000FEF751F800212046FFF73DFF206801F0A1
:10AF40005EFC4304226807D5B2F8443023F4804302
:10AF50001B041B0CA2F84430104601F050FC87047F
:10AF6000226807D5B2F8443023F400531B041B0CAD
:10AF7000A2F84430104601F042FCC60426D52268EF
:10AF8000B2F8403023F004031B041B0CA2F840303D
:10AF9000B2F8403023F008031B041B0CA2F8403029
:10AFA00094F86032012B05D1002184F8601220460C
:10AFB00000F07BFA2046FEF733F82268B2F84430FE
:10AFC00023F480531B041B0CA2F84430206801F0CA
:10AFD00016FC05051DD52068B0F840309BB243F043
:10AFE0000803A0F84030B0F8443023F400631B0499
:10AFF0001B0CA0F84430B0F840309BB243F004037F
:10B00000A0F8403001F0FBFBC00402D42046FDF75D
:10B01000EFFF206801F0F3FB010629D52368B3F8A0
:10B02000442022F080021204120CA3F8442094F869
:10B030006022002A40F09D81B3F8402092B242F095
:10B040000402A3F84020B3F8402092B242F0080274
:10B050000121A3F8402084F86012B3F85430C3F300
:10B060008D0303F03C03C4F86432204600F01DFA5F
:10B07000206801F0C4FB82050BD52268B2F8443089
:10B0800023F400731B041B0CA2F844302046FDF788
:10B090009EFF206801F0B3FBC30508D52268B2F813
:10B0A000443023F480731B041B0CA2F84430BDE829
:10B0B000F087B0F84450A9B215F00F0540F0B98000
:10B0C00011F010012BD103889BB2334043F40043AD
:10B0D000038094F82820B0F8503000EBC20212FA36
:10B0E00083F3E26BB3F80234C3F309031A446364D5
:10B0F000E2632046FDF764FF94F82430002B3FF410
:10B1000002AF226C002A7FF4FEAE94F8243021684E
:10B1100043F08003A1F84C3084F82420F3E605883E
:10B12000ABB215F4006520D094F82821B0F8503067
:10B1300000EBC20212FA83F304F50C71B3F8063483
:10B14000B4F82E21C3F30903C4F8443101F048FCDC
:10B150002268138823F070031B051B0D43F0800346
:10B1600013802046FDF716FFCDE61F047FF5CBAE1A
:10B17000038823F070031B051B0D43F0800303803D
:10B1800094F82821B0F8503000EBC20212FA83F391
:10B19000B3F80634C3F30903C4F844318BB1D4F8CF
:10B1A0003C1171B1B4F82E2101F01AFCD4F83C31F5
:10B1B000D4F844211344C4F83C3129462046FDF715
:10B1C000F7FE2168D4F83851B1F8503001F206404A
:10B1D0009BB2DDB9C25A22F4F8421204120CC252D8
:10B1E000C25A6FEA42426FEA524292B2C2520B888E
:10B1F00023F4804323F070031B041B0C83F440539F
:10B2000043F4004343F080030B807CE63E2D07D8D7
:10B2100005F0010202EB55029202E6E70F8FFFFFF5
:10B220006F09564AED0608BF07F1FF3742EA872249
:10B23000DBE730F8253019041FFA83FA3BD530F8E4
:10B24000253008EA030343F0800304EB451220F89D
:10B25000253092F8283192F834C1D2F83C114FEAE7
:10B260004519DF00BCF1000F4AD1B0F8503017FA91
:10B2700083F30344B3F80674C7F3090727B1B2F8A0
:10B280002E213B4601F0ACFBA144D9F84431D9F85A
:10B290003C2199F828113B44C9F84431D9F8403190
:10B2A0003A44C9F83C211BB1D9F83801874259D238
:10B2B0002046FDF77DFE1AF0800F3FF424AE226891
:10B2C00032F825309BB2334043F4004322F8253056
:10B2D00004EB4515B2F8503095F8281002EBC10286
:10B2E00012FA83F3EA6BB3F80234C3F309031A4486
:10B2F0006B642B6CEA632046C3BBFDF761FE02E67C
:10B3000030F8233013F4804FB0F8503017FA83F33D
:10B3100003441DD0B3F80274C7F3090727B1B2F88C
:10B3200030213B4601F05CFB04EB0903226893F8F3
:10B33000281132F8213023F4E04323F070031B047A
:10B340001B0C43F4004343F0C00322F821309BE779
:10B35000B3F80674C7F30907002FE5D0B2F832211D
:10B360003B46DFE72046FFF798FDA4E7FFF7AAFD7D
:10B37000C9E52046FDF73CFE7AE600BF0080FFFFEE
:10B3800038B5436801F007059D42044628D80B06EE
:10B390001DD56B0103F1280103440122014483F808
:10B3A000292001238B700D7094F828229A4219D01D
:10B3B000206884F8283201F0A8F925B9206804F53E
:10B3C0000C7101F020FA002084F8280238BD4B01EE
:10B3D00003F5947103440022014483F82921E0E736
:10B3E0000120F3E70220F1E738B5436801F00F02CE
:10B3F0009A42044628D801F0070211F0800F4FEA64
:10B40000421315BF03F1280103F5947109190919B5
:10B4100000EB421014BF012300234FF0000514BFBE
:10B4200080F8293080F829318D700A7094F828321C
:10B43000012B0BD00123206884F8283201F085F914
:10B4400084F82852284638BD0120FCE70220FAE79C
:10B4500011F0800F1BBF01F0070100EB411000EB62
:10B460004110283008BF00F5947099B21AB90273E0
:10B47000C18000207047012202738360F9E7034610
:10B4800001210268C0F86812002083F86002B2F857
:10B4900054309BB20B43A2F85430B2F854309BB2F4
:10B4A00043F00203A2F8543070477047284B1A68E3
:10B4B00018BB02F4C062B2F5806FD3F8802022F48A
:10B4C0008072C3F8802040D11A6822F4C06242F42E
:10B4D00000721A601F4A126832214A431E49B2FBA9
:10B4E000F1F201325969490500D522B95B69580565
:10B4F0002BD503207047013AF4E7B0F5007F1FD148
:10B5000002F4C062B2F5806FD3F8802042F48072FA
:10B51000C3F8802019D11A6822F4C06242F4007284
:10B520001A600C4A126832214A430B49B2FBF1F20D
:10B53000013259694905D9D5002AD7D0013AF8E72F
:10B5400022F4C06242F480621A600020704700BF9B
:10B5500000700040B806002040420F002DE9F34182
:10B56000044640B30368D90714D423689A075BD410
:10B570002368190700F1A48023685A0700F1CB80E3
:10B5800023689A0600F13281E369002B40F0608164
:10B59000002028E0A14DAB68EA6803F00C030C2BF7
:10B5A0000BD102F00303032B09D12B689B03DCD5DD
:10B5B0006368002BD9D1012015E0082BF4E76368FC
:10B5C000B3F5803F12D12B6843F480332B60FEF734
:10B5D000EBFC06462B689F03C7D4FEF7E5FC801BF7
:10B5E0006428F7D9032002B0BDE8F081B3F5A02F9D
:10B5F00004D12B6843F480232B60E4E72A6822F40B
:10B6000080322A602A6822F480222A60002BDED150
:10B61000FEF7CAFC06462B689903A6D5FEF7C4FCC4
:10B62000801B6428F7D9DDE77C4DAB68EA6803F03E
:10B630000C030C2B17D102F00303022B15D12B683E
:10B640005A0502D5E368002BB5D06B68226923F058
:10B65000FE4343EA02636B60714B1868FEF75CFCC3
:10B66000002885D0A7E7042BE8E7E368BBB12B6887
:10B6700043F480732B60FEF797FC06462B685B054E
:10B6800007D56B68226923F0FE4343EA02636B60CF
:10B690006EE7FEF789FC801B0228EFD9A2E72B6832
:10B6A00023F480732B60FEF77FFC06462B685F0552
:10B6B0007FF55EAFFEF778FC801B0228F6D991E794
:10B6C0006369564D9BB1D5F8943043F00103C5F83A
:10B6D0009430FEF769FC0646D5F894309B073FF599
:10B6E0004BAFFEF761FC801B0228F5D97AE7D5F84D
:10B6F000943023F00103C5F89430FEF755FC06465C
:10B70000D5F894309F077FF537AFFEF74DFC801BCF
:10B710000228F5D966E7414DAB6DD80027D4AB6D53
:10B7200043F08053AB65AB6D03F080530193019BF5
:10B7300001273C4E3368D9051BD5A368012B29D1BD
:10B74000D5F8903043F00103C5F89030FEF72CFC9B
:10B7500041F288380646D5F890309B0740D5002F37
:10B760003FF40EAFAB6D23F08053AB6508E70027C5
:10B77000DFE7336843F480733360FEF715FC8046DF
:10B780003368DA05D9D4FEF70FFCA0EB08000228D5
:10B79000F6D927E7052B06D1D5F8903043F00403FE
:10B7A000C5F89030CCE7D5F8902022F00102C5F81A
:10B7B0009020D5F8902022F00402C5F89020002BAC
:10B7C000C4D1FEF7F1FB41F288380646D5F8903037
:10B7D0009907C4D5FEF7E8FB801B4045F6D901E781
:10B7E000FEF7E2FB801B4045B5D9FBE6A3690B4D94
:10B7F000D3B1D5F8983043F00103C5F89830FEF77F
:10B80000D3FB0646D5F898309B073FF5BDAEFEF753
:10B81000CBFB801B0228F5D9E4E600BF00100240F4
:10B820004008002000700040D5F8983023F0010354
:10B83000C5F89830FEF7B8FB0646D5F898309F0754
:10B840007FF5A2AEFEF7B0FB801B0228F5D9C9E652
:10B85000484DAA6802F00C020C2A57D0022B2B6824
:10B8600023F080732B603AD1FEF79EFB06462B68CF
:10B8700099012ED4EA68404B1340226A1343A26A0E
:10B8800043EA0223E26A43EAC263626A013A43EA94
:10B890000213226B5208013A43EA4253626B520888
:10B8A000013A43EA4263EB602B6843F080732B60FC
:10B8B000EB6843F08073EB60FEF776FB04462B6881
:10B8C0009A013FF565AEFEF76FFB001B0228F6D923
:10B8D00088E6FEF769FB801B0228C8D982E6EB6880
:10B8E00023F00303EB60EB6823F0887323F48033C9
:10B8F000EB60FEF759FB04462B689B017FF548AED1
:10B90000FEF752FB001B0228F6D96BE6012B3FF431
:10B9100052AEEB68226A03F0030191427FF44BAE12
:10B92000616A03F0F0020139B2EB011F7FF443AE0C
:10B93000A16A03F4FE42B2EB012F7FF43CAEE16A50
:10B9400003F07842B2EBC16F7FF435AE226B520840
:10B9500003F4C001013AB1EB425F7FF42CAE626B9D
:10B960005208013A03F0C063B3EB426F14BF0120E9
:10B97000002038E6001002400C809F01134B9A68AB
:10B9800002F00C02042A1DD09A6802F00C02082A68
:10B9900018D09A6802F00C020C2A15D1D968DA681E
:10B9A0000B48C2F303120132B0FBF2F0DA68DB6835
:10B9B000C3F34163C2F30622013350435B00B0FB83
:10B9C000F3F07047024870470020704700100240B3
:10B9D0000024F4002DE9F8430E46054610B9012075
:10B9E000BDE8F8836A4A136803F00F038B4245D31E
:10B9F000296811F001084CD12A68910740F1A18013
:10BA0000644B12F0040F1EBF996841F4E061996025
:10BA1000120741BF9A6822F47C5242F4E0629A60B5
:10BA20009A68A96822F0F0020A439A60584C236889
:10BA300003F00F03B34200F28D802A68554C12F0D8
:10BA4000040F40F09D80130706D5A3682A6923F4EC
:10BA5000605343EAC203A360FFF790FFA3684E4A16
:10BA6000C3F30313D35C03F01F03D8404B4B1860A0
:10BA70004B4B1868BDE8F843FEF74EBA136823F045
:10BA80000F030B431360136803F00F038B42A6D11F
:10BA9000AEE76F683F4C032F236843D19B019ED5CF
:10BAA000E068E2683F4BC2F303120132B3FBF2F3EA
:10BAB000E268C2F306225343E268C2F341620132F4
:10BAC0005200B3FBF2F3384A934219D84FF0000802
:10BAD000A36823F003033B43A360FEF765FA41F23A
:10BAE00088390746A3686A6803F00C03B3EB820F3A
:10BAF00082D0FEF759FAC01B4845F3D903206FE7FF
:10BB0000A36813F0F00F04D08807DFD5AB68002BD3
:10BB1000DCD1A36823F0F00343F08003A3604FF06F
:10BB20008008D5E7022F09D113F4003F3FF457AF47
:10BB3000FFF724FF1C4B9842C8D9EAE713F4806F43
:10BB4000F4E7B8F1800F01BF124A936823F0F003C5
:10BB500093606BE7236823F00F0333432360FEF702
:10BB600023FA41F288380746236803F00F03B342F3
:10BB70003FF463AFFEF718FAC01B4045F4D9BDE7A8
:10BB8000A368E96823F4E0630B43A3605BE700BFAD
:10BB90000020024000100240BCCC0008B806002083
:10BBA000400800200024F40000B4C404054B064AF9
:10BBB0009B68C3F30223D35C044A106803F01F039D
:10BBC000D840704700100240B4CC0008B8060020EE
:10BBD000054B064A9B68C3F3C223D35C044A106832
:10BBE00003F01F03D840704700100240B4CC000897
:10BBF000B80600202DE9F3410446006810F4002047
:10BC000056D0984DAB6DD80044D4AB6D43F0805303
:10BC1000AB65AB6D03F080530193019B0126924FFE
:10BC20003B6843F480733B60FEF7BEF980463B6897
:10BC3000D90531D5D5F8903013F4407320D0226C5B
:10BC40009A421DD0D5F89020D5F8903043F4803337
:10BC5000C5F89030D5F8903022F4407123F4803349
:10BC6000D207C5F89030C5F8901009D5FEF79CF9B9
:10BC700041F288380746D5F890309B0740F1EB80B9
:10BC8000D5F89030226C23F440731343C5F89030FC
:10BC9000002008E00026C2E7FEF786F9A0EB0800C6
:10BCA0000228C4D903201EB1AB6D23F08053AB65CD
:10BCB0002368DE0708D56B496568D1F8882022F033
:10BCC00003022A43C1F888209D0708D56549A56865
:10BCD000D1F8882022F00C022A43C1F888205907A5
:10BCE00008D56049E568D1F8882022F030022A435F
:10BCF000C1F888201A0708D55A492569D1F8882043
:10BD000022F0C0022A43C1F888209F0608D5554971
:10BD10006569D1F8882022F440622A43C1F888205E
:10BD20005E0608D54F49A569D1F8882022F4405213
:10BD30002A43C1F888201D0608D54A49E569D1F88B
:10BD4000882022F440422A43C1F88820D90508D52A
:10BD50004449256AD1F8882022F440322A43C1F8A8
:10BD600088209A0508D53F49656AD1F8882022F4D1
:10BD700040222A43C1F888205F050FD53949A56ABA
:10BD8000D1F8882022F440122A43C1F88820B5F562
:10BD9000801F02BFCA6842F48012CA601E050FD518
:10BDA0003049E56AD1F8882022F440022A43C1F8DC
:10BDB0008820B5F5800F02BFCA6842F48012CA60BD
:10BDC000DD040FD52749256BD1F8882022F0407279
:10BDD0002A43C1F88820B5F1807F02BFCA6842F4C7
:10BDE0008012CA6099040FD51E49656BD1F888206E
:10BDF00022F040622A43C1F88820B5F1006F02BFEB
:10BE0000CA6842F48012CA605A040FD51549A56B5E
:10BE1000D1F8882022F040622A43C1F88820B5F189
:10BE2000006F02BFCA6842F48012CA601B040FD5BB
:10BE30000C4AE16BD2F8883023F040530B43B1F148
:10BE4000805FC2F8883003D1D36843F48033D36075
:10BE500002B0BDE8F081FEF7A7F8C01B40457FF6B1
:10BE60000AAF1FE70010024000700040B0F5002F3D
:10BE7000A24A1DD1D2F89030D2F89010890703F46D
:10BE8000407303D5B3F5807F00F0A781D2F89410FA
:10BE9000880703D5B3F5007F00F0A281106810F485
:10BEA000003037D09648B3F5407F18BF0020704768
:10BEB000D36803F00303022B17D1136813F48063D4
:10BEC000904918BF0B46B0F5807FD16800F005811E
:10BED00021D8082814D8E8B10138072819D8DFE894
:10BEE00000F066821898181818ADD36803F00303A1
:10BEF000032B03D1136813F40033E1E70023E2E7D7
:10BF0000402800F0C880802800F0D680202800F06B
:10BF1000AA8000207047C1F30311B0F5805F01F1E2
:10BF20000101B3FBF1F300F0298126D8B0F5806F51
:10BF300000F0EC80B0F5006F00F00D81B0F5007FEF
:10BF4000E7D1D2F8883013F4402351D0D2F89410BE
:10BF5000880703D5B3F5802F00F0428111684905A9
:10BF600003D5B3F5002F00F04081D2F8900010F017
:10BF70000200CFD0B3F5402F30E0B0F5804F06D0AF
:10BF8000B0F5004F00F00881B0F5005FC1D1D2F8E4
:10BF9000881001F04061B1F1006F00F0C580D2F867
:10BFA000980010F00200B5D0574800297DE7D2F87C
:10BFB000883013F0030301D1FFF70ABE012B01D132
:10BFC000FFF7DCBC1168490502D5022B00F00D819A
:10BFD000D2F8900010F002009CD0032B14BF002375
:10BFE0000123D8037047D2F8883013F00C0301D135
:10BFF000FFF7DCBD042BE3D01168480502D5082B00
:10C0000000F0F380D2F8900010F0020082D00C2BE8
:10C01000E4E7D2F8883013F03003E9D0102BCFD00A
:10C020001168490502D5202B00F0DF80D2F890007E
:10C0300010F002003FF46EAF302BCFE7D2F888301B
:10C0400013F0C003D4D0402BBAD01168480502D5F4
:10C05000802B00F0CA80D2F8900010F002003FF46C
:10C0600059AFC02BBAE7D2F8883013F44063BFD081
:10C07000B3F5806FA4D01168490503D5B3F5006FFF
:10C0800000F0B380D2F8900010F002003FF442AF0D
:10C09000B3F5406FA2E7D2F8883013F44053A7D02D
:10C0A000B3F5805F8CD0106810F480603FF432AF3D
:10C0B000B3F5005F1348F8E6D2F8883013F4404334
:10C0C00096D0B3F5804F3FF47BAF106810F48060DA
:10C0D0003FF420AFB3F5004FECE7D2F8883013F40B
:10C0E000403385D0B3F5803F3FF46AAF106810F459
:10C0F00080603FF40FAFB3F5003FDBE70010024074
:10C1000020A107000024F400006CDC02D2F88810A3
:10C1100011F440113FF454AFB1F5801F10D1D06835
:10C1200010F480103FF4F6AED068D268C0F3062059
:10C130005843C2F3415301335B00B0FBF3F0704747
:10C14000B1F5001F4FD0106810F480603FF4E2AEEC
:10C15000B1F5401FAEE7D2F8881011F440013FF46A
:10C160002FAFB1F5800FDAD0B1F5000F3BD01368D7
:10C170005B057FF5CEAEB1F5400F9BE7D2F8881096
:10C1800001F04071B1F1007F3FF432AF69B3B1F11A
:10C19000807F7FF4BEAEC2E7D2F8881001F0405134
:10C1A000B1F1805F14D1D06810F480303FF4B2AEAA
:10C1B000D168D068C00EC1F3062105D1D26812F44F
:10C1C000003F0CBF072011204B43B3FBF0F070473A
:10C1D000B1F1005F7FF49DAEF2E64FF4004070478E
:10C1E0004FF4FA407047024870470248704700BF5A
:10C1F0000080BB000024F400104B9A6B42F4807264
:10C200009A639A6B22F480729A63D0E900321343E6
:10C2100082681343C2681343026943EA0243084A2F
:10C2200053601368416923F4FE4343EA012313601A
:10C23000136843F060031360704700BF00100240B2
:10C2400000200040B0F840309BB243F43F4343F03D
:10C250008003A0F8403000207047B0F8403023F44D
:10C260007E535B045B0CA0F840300020704784B024
:10C2700010B5044603A880E80E0000200123A4F8AE
:10C280004030A4F84000A4F84400A4F85000B4F8EA
:10C2900040309BB243F43F4343F08003A4F8403066
:10C2A000BDE8104004B07047F0B50A78CD7830F89A
:10C2B000224024F4EC4424F0700424040346240CAB
:10C2C000032D03D8DFE805F0444C4A48012048F22A
:10C2D00080073C4323F8224033F822609E4CB6B2DC
:10C2E00026401643374323F822700E7B03EBC20728
:10C2F000002E40F08380CE8891F801C07608760049
:10C30000BCF1000F2FD0B3F8501017FA81F1A1F84B
:10C31000006433F822104E0609D533F8221089B292
:10C32000214041F4004141F0C00123F8221033F8CC
:10C3300022108A4C89B2012D01EA040101D081F05A
:10C34000200141F4004141F0800123F82210BCE0BB
:10C3500044F400742846BAE744F4C0640020B6E709
:10C3600044F48064FAE7B3F850400D6917FA84F496
:10C37000A4F80464B3F8504017FA84F46DBBB4F821
:10C38000061421F4F8410904090CA4F80614B4F8C1
:10C3900006146FEA41416FEA514189B2A4F80614CC
:10C3A00033F822104C040DD533F8221021F4E0416B
:10C3B00021F070010904090C41F4404141F0800171
:10C3C00023F8221033F8221021F4804121F070016B
:10C3D0000904090C81F44051B3E73E2D05D805F05E
:10C3E000010101EB55018902D7E76E095C49ED06B1
:10C3F00008BF06F1FF3641EA8621CEE733F8226016
:10C40000B6B2264046F4014646F0800623F8226084
:10C41000B3F850C00E8917FA8CFC76087600ACF899
:10C420000064B3F8506017FA86F74E8976087600F4
:10C43000A7F804644978002948D133F82210490448
:10C4400009D533F8221089B2214041F4404141F02E
:10C45000800123F8221033F822104F060DD533F84F
:10C46000221021F4E04121F070010904090C41F48B
:10C47000004141F0C00123F8221033F8221021F4CA
:10C48000E04121F070010904090C41F4004141F040
:10C49000C00123F8221033F8221021F4804121F04A
:10C4A00070010904090C48F2800481F440512143D1
:10C4B00023F8221033F8221021F4E04121F040014A
:10C4C0000904090C0C4323F82240F0BD33F8221074
:10C4D0004E0409D533F8221089B2214041F440417D
:10C4E00041F0800123F8221033F8221049060DD5BF
:10C4F00033F8221021F4E04121F070010904090C05
:10C5000041F4004141F0C00123F8221033F8221019
:10C51000124C21F4E04121F070010904090C41F4AE
:10C52000404141F0800123F8221033F8221089B2F3
:10C530002140012D18BF81F0200141F4004141F05C
:10C54000800123F8221033F8221021F4804121F0D9
:10C5500070010904090CF4E68F8FFFFFBF8FFFFF06
:10C560000080FFFF4A780B78097BD9BB0AB330F80B
:10C57000232051060DD530F8232022F4E04222F08A
:10C5800070021204120C42F4004242F0C00220F881
:10C59000232030F8232022F4E04222F0400212044B
:10C5A000120C42F4004242F0800220F823200020C6
:10C5B000704730F8232052040DD530F8232022F4A0
:10C5C000E04222F070021204120C42F4404242F0A7
:10C5D000800220F8232030F8232022F4804222F029
:10C5E0007002DCE7002A4AD130F8232051040DD52F
:10C5F00030F8232022F4E04222F070021204120CE0
:10C6000042F4404242F0800220F8232030F82320F8
:10C6100052060DD530F8232022F4E04222F07002B9
:10C620001204120C42F4004242F0C00220F823200F
:10C6300030F8232022F4E04222F070021204120C9F
:10C6400042F4004242F0C00220F8232030F82320B8
:10C6500022F4804222F070021204120C48F280018F
:10C660000A4320F8232030F8232022F4E04222F06D
:10C6700040021204120C114320F8231097E730F8FF
:10C68000232051040DD530F8232022F4E04222F07B
:10C6900070021204120C42F4404242F0800220F870
:10C6A000232030F8232052060DD530F8232022F421
:10C6B000E04222F070021204120C42F4004242F0F6
:10C6C000C00220F8232030F8232022F4E04222F098
:10C6D00070021204120C42F4404242F0800220F830
:10C6E000232030F8232022F4E04222F040021204FA
:10C6F000120C48F280010A4320F8232030F823204E
:10C7000022F4804222F07002B3E74B780A788BB1B2
:10C7100030F8223023F4E04323F040031B041B0CC9
:10C7200083F0100343F4004343F0800320F82230E9
:10C730000020704730F8223023F4804323F0700348
:10C740001B041B0C83F48053ECE70B7B3BBB4B7847
:10C750000A7833B330F822305B060DD530F822303A
:10C7600023F4E04323F070031B041B0C43F4004349
:10C7700043F0C00320F82230CB78012B0FD030F8E3
:10C78000223023F4E04323F040031B041B0C83F00E
:10C79000200343F4004343F0800320F822300020BC
:10C7A000704730F822305B040DD530F8223023F486
:10C7B000E04323F070031B041B0C43F4404343F09D
:10C7C000800320F8223030F8223023F4804323F015
:10C7D00070031B041B0C83F44053DAE711B9802368
:10C7E000A0F84C3000207047B0F858306FEA43434F
:10C7F0006FEA53439BB2A0F8583000207047B0F85E
:10C80000440080B270470020704702F58062013317
:10C8100010445B0801EB4303401A994200D1704772
:10C820000A880A520231F8E770B50D464978AB69BB
:10C830002A6901290446287B65D193428ABF991A47
:10C8400000211346A9619EB2696900BBEA8833469C
:10C850002046FFF7DAFFB4F850302A7804F202419C
:10C8600011FA83F323F832602A7834F8223023F463
:10C87000E04323F040031B041B0C83F0300343F41C
:10C88000004343F0800324F82230002070BD2A7852
:10C8900034F8223013F0400FB4F8503015BF04F2D2
:10C8A000064004F2024010FA83F310FA83F315BF36
:10C8B00023F8326023F832606A892A893346204699
:10C8C000FFF7A3FF6B782A7873B934F8223023F48A
:10C8D000E04323F070031B041B0C43F4004343F0BC
:10C8E000C00324F82230BFE7012BBDD134F8223039
:10C8F00023F4E04323F070031B041B0C43F4404378
:10C9000043F08003EDE793428ABF9E1A0026134648
:10C91000AE612A7820BBB4F8501004F2064010FA39
:10C9200081F1002B48D131F8323023F4F8431B0455
:10C930001B0C21F8323031F832306FEA43436FEA92
:10C9400053439BB221F832302A7834F8223023F452
:10C95000804323F070031B041B0C83F440538EE7C9
:10C960000029F1D1B4F8501004F2024010FA81F11C
:10C970008BB931F8320020F4F8400004000C21F8A3
:10C98000320031F832006FEA40406FEA504080B226
:10C9900021F83200BFE73E2B05D803F0010000EB81
:10C9A00053008002F3E75E09D8060C4808BF06F181
:10C9B000FF3640EA8620EAE73E2B05D803F0010067
:10C9C00000EB53039B02BCE75809DB06034B08BF8F
:10C9D00000F1FF3043EA8023B3E700BF0080FFFF90
:10C9E00002F58062F0B510445D080C462E46471AE9
:10C9F0003A19023436B9DB0744BF30F8153001F874
:10CA00001530F0BD128892B204F8022C120A04F814
:10CA1000012C013EECE70000024B13B10248F5F790
:10CA20004DBC70470000000059210008F8B500BF58
:10CA3000F8BC08BC9E467047F8B500BFF8BC08BCFF
:04CA40009E46704757
:10CA480020202020202020202020202020202020DE
:10CA580030303030303030303030303030303030CE
:10CA680005000000190000007D0000000000000023
:10CA7800000000000000F03F00000000000024401B
:10CA880000000000000059400000000000408F40F6
:10CA9800000000000088C34000000000006AF84061
:10CAA8000000000080842E4100000000D012634185
:10CAB8000000000084D797410000000065CDCD41FB
:10CAC800000000205FA00242000000E876483742DC
:10CAD800000000A2941A6D42000040E59C30A2427A
:10CAE8000000901EC4BCD64200003426F56B0C43EF
:10CAF8000080E03779C3414300A0D8855734764396
:10CB080000C84E676DC1AB43003D9160E458E143F6
:10CB1800408CB5781DAF154450EFE2D6E41A4B446B
:10CB280092D54D06CFF08044F64AE1C7022DB544B0
:10CB3800B49DD9794378EA44BC89D897B2D29C3C51
:10CB480033A7A8D523F649393DA7F444FD0FA532EC
:10CB58009D978CCF08BA5B25436FAC642806C80A3A
:10CB68000080E03779C34143176E05B5B5B89346E1
:10CB7800F5F93FE9034F384D321D30F94877825AAD
:10CB88003CBF737FDD4F157500202020202020201A
:10CB98002020282828282820202020202020202065
:10CBA8002020202020202020208810101010101075
:10CBB80010101010101010101004040404040404C1
:10CBC800040404101010101010104141414141415B
:10CBD800010101010101010101010101010101013D
:10CBE800010101011010101010104242424242424D
:10CBF800020202020202020202020202020202020D
:10CC080002020202101010102000000000000000B4
:10CC1800000000000000000000000000000000000C
:10CC280000000000000000000000000000000000FC
:10CC380000000000000000000000000000000000EC
:10CC480000000000000000000000000000000000DC
:10CC580000000000000000000000000000000000CC
:10CC680000000000000000000000000000000000BC
:10CC780000000000000000000000000000000000AC
:10CC8800000000000000000000000000202020201C
:10CC9800202020202020202020202020303030304C
:10CCA800303030303030303030303030000000003C
:10CCB8000102030400000000000000000102030458
:10CCC80006070809496E76616C6964005965730046
:10CCD8004E6F004F7065726174696F6E204D6F649E
:10CCE800653A202573004E6F6D696E616C003B20BC
:10CCF80044617461003B2050657266656374206D01
:10CD0800617463683A20003E3E2053746172742057
:10CD18007265636F766572792066726F6D204275F1
:10CD280073204F6666003C3C2053756363657373DC
:10CD380066756C6C79207265636F766572656420C0
:10CD480066726F6D20427573204F6666004D65618F
:10CD58007375726564207472616E73636569766554
:10CD68007220636869702064656C61793A20256C6B
:10CD780075206E730052657374726963746564001C
:10CD88004D6F6E69746F72696E6700496E74657273
:10CD98006E616C204C6F6F706261636B00457874D4
:10CDA80065726E616C204C6F6F706261636B0053CB
:10CDB800544D3332473433317878004D0025733A77
:10CDC800204E6F20626175647261746520736574AA
:10CDD8000025733A20256C75257320626175642CD3
:10CDE80020256C752E256C7525250043414E616202
:10CDF8006C6520322E352043616E646C656C696702
:10CE0800687400456C6D7565536F667420286E658F
:10CE18007463756C742E63682F656C6D7565290075
:10CE28002530386C582530386C58004D6B734D617F
:10CE38006B657262617365002A2A2A204462672042
:10CE48006D736720746F6F206C6F6E670043414E7F
:10CE580020464420496E74657266616365004669C0
:10CE6800726D776172652055706461746520496ED2
:10CE780074657266616365004D534654313030788D
:10CE8800000000007DCD000888CD000893CD000883
:10CE9800A5CD00080C10141820304000010203042E
:10CEA800050607080C10141820304000494E4600AB
:10CEB800696E66004E414E006E616E00303132334D
:10CEC800343536373839414243444546000000007E
:10CED80030313233343536373839616263646566E8
:10CEE80000000000286E756C6C29000030000000FE
:10CEF800496E66696E697479000000004E614E00E3
:10CF080042616C6C6F632073756363656564656407
:10CF1800000000002E2E2F2E2E2F2E2E2F2E2E2FDD
:10CF28002E2E2F2E2E2F6E65776C69622F6C6962FC
:10CF3800632F7374646C69622F64746F612E63006D
:10CF48002C2066756E6374696F6E3A2000000000CD
:10CF5800617373657274696F6E202225732220666F
:10CF680061696C65643A2066696C652022257322C4
:10CF78002C206C696E65202564257325730A0000D2
:10CF88002E2E2F2E2E2F2E2E2F2E2E2F2E2E2F2EB4
:10CF98002E2F6E65776C69622F6C6962632F7374CC
:10CFA800646C69622F6D707265632E630000000007
:10CFB80043000000504F5349580000002E00000065
:08CFC800C032FF7F01000000F0
:08CFD00019CA000869020008FB
:04CFD800410200080A
:10CFDC000800002000000000000000008008002075
:10CFEC00E8080020500900200000000000000000AC
:10CFFC000000000000000000000000000000000025
:10D00C000000000000000000000000000000000014
:10D01C000000000000000000000000000000000004
:10D02C0000000000000000000000000000000000F4
:10D03C0000000000000000000000000000000000E4
:10D04C0000000000000000000000000000000000D4
:10D05C0000000000000000000000000000000000C4
:10D06C0000000000000000000000000000000000B4
:10D07C0001000000000000000E33CDAB34126DE651
:10D08C00ECDE05000B0000000000000000000000BA
:10D09C000000000000000000000000000000000084
:10D0AC000000000000000000000000000000000074
:10D0BC000000000000000000000000000000000064
:10D0CC000000000000000000000000000000000054
:10D0DC000000000000000000000000000000000044
:10D0EC000000000000000000000000000000000034
:10D0FC000000000000000000000000000300000021
:10D10C00800800200000000000000000000000006B
:10D11C00380100203801002040010020400100208F
:10D12C00480100204801002050010020500100203F
:10D13C0058010020580100206001002060010020EF
:10D14C00680100206801002070010020700100209F
:10D15C00780100207801002080010020800100204F
:10D16C0088010020880100209001002090010020FF
:10D17C009801002098010020A0010020A0010020AF
:10D18C00A8010020A8010020B0010020B00100205F
:10D19C00B8010020B8010020C0010020C00100200F
:10D1AC00C8010020C8010020D0010020D0010020BF
:10D1BC00D8010020D8010020E0010020E00100206F
:10D1CC00E8010020E8010020F0010020F00100201F
:10D1DC00F8010020F80100200002002000020020CD
:10D1EC00080200200802002010020020100200207B
:10D1FC00180200201802002020020020200200202B
:10D20C0028020020280200203002002030020020DA
:10D21C00380200203802002040020020400200208A
:10D22C00480200204802002050020020500200203A
:10D23C0058020020580200206002002060020020EA
:10D24C00680200206802002070020020700200209A
:10D25C00780200207802002080020020800200204A
:10D26C0088020020880200209002002090020020FA
:10D27C009802002098020020A0020020A0020020AA
:10D28C00A8020020A8020020B0020020B00200205A
:10D29C00B8020020B8020020C0020020C00200200A
:10D2AC00C8020020C8020020D0020020D0020020BA
:10D2BC00D8020020D8020020E0020020E00200206A
:10D2CC00E8020020E8020020F0020020F00200201A
:10D2DC00F8020020F80200200003002000030020C8
:10D2EC000803002008030020100300201003002076
:10D2FC001803002018030020200300202003002026
:10D30C0028030020280300203003002030030020D5
:10D31C003803002038030020400300204003002085
:10D32C004803002048030020500300205003002035
:10D33C0058030020580300206003002060030020E5
:10D34C006803002068030020700300207003002095
:10D35C007803002078030020800300208003002045
:10D36C0088030020880300209003002090030020F5
:10D37C009803002098030020A0030020A0030020A5
:10D38C00A8030020A8030020B0030020B003002055
:10D39C00B8030020B8030020C0030020C003002005
:10D3AC00C8030020C8030020D0030020D0030020B5
:10D3BC00D8030020D8030020E0030020E003002065
:10D3CC00E8030020E8030020F0030020F003002015
:10D3DC00F8030020F80300200004002000040020C3
:10D3EC000804002008040020100400201004002071
:10D3FC001804002018040020200400202004002021
:10D40C0028040020280400203004002030040020D0
:10D41C003804002038040020400400204004002080
:10D42C004804002048040020500400205004002030
:10D43C0058040020580400206004002060040020E0
:10D44C006804002068040020700400207004002090
:10D45C007804002078040020800400208004002040
:10D46C0088040020880400209004002090040020F0
:10D47C009804002098040020A0040020A0040020A0
:10D48C00A8040020A8040020B0040020B004002050
:10D49C00B8040020B8040020C0040020C004002000
:10D4AC00C8040020C8040020D0040020D0040020B0
:10D4BC00D8040020D8040020E0040020E004002060
:10D4CC00E8040020E8040020F0040020F004002010
:10D4DC00F8040020F80400200005002000050020BE
:10D4EC00080500200805002010050020100500206C
:10D4FC00180500201805002020050020200500201C
:10D50C0028050020280500203005002030050020CB
:10D51C00FFFFFFFF000002004300000000000000BE
:10D52C0000000000000000000000000000000000EF
:10D53C00000000000000000043000000000000009C
:10D54C0000000000000000000000000000000000CF
:10D55C00000000000000000043000000000000007C
:10D56C0000000000000000000000000000000000AF
:10D57C00000000000000000043000000000000005C
:10D58C00000000000000000000000000000000008F
:10D59C00000000000000000043000000000000003C
:10D5AC00000000000000000000000000000000006F
:10D5BC00000000000000000043000000000000001C
:10D5CC00000000000000000000000000000000004F
:10D5DC0000000000000000004300000000000000FC
:10D5EC00000000000000000000000000000000002F
:10D5FC000000000000000000BD4F0008A54E000810
:10D60C000000000090CB0008C4CF000854CF0008E5
:10D61C0054CF000854CF000854CF000854CF000852
:10D62C0054CF000854CF000854CF000854CF000842
:10D63C00FFFFFFFFFFFFFFFFFFFFFFFFFFFF0000EC
:10D64C000100415343494900000000000000000064
:10D65C0000000000000000000000000000000000BE
:10D66C000000415343494900000000000000000045
:10D67C00000000000000000000000000000000009E
:10D68C0000000000010000000024F4000101000073
:10D69C000403090459910008659100088991000858
:10D6AC0071910008B9910008A1910008F59100084A
:10D6BC00020000009200000000010500010088003B
:10D6CC000000070000002A00440065007600690095
:10D6DC006300650049006E0074006500720066000E
:10D6EC006100630065004700550049004400730069
:10D6FC000000500000007B00630031003500620028
:10D70C0034003300300038002D0030003400640049
:10D71C0033002D0031003100650036002D00620011
:10D72C003300650061002D003600300035003700F5
:10D73C003100380039006500360034003400330005
:10D74C007D0000000000000040000000000104000B
:10D75C000200000000000000000157494E555342E2
:10D76C0000000000000000000000000000000000AD
:10D77C00010157494E5553420000000000000000C3
:10D78C0000000000000000000902320002010480C9
:10D79C004B0904000002FFFFFF1407058102400043
:10D7AC0000070502024000000904010000FE01010F
:10D7BC00E009210BFF0000081A0100001201000211
:10D7CC0000000040501D6F60102501020301000095
:10D7DC00019D0008EB9C00084D9D00080000000016
:10D7EC00E19C0008B19C0008599C00080000000056
:10D7FC00000000000000000000000000FD9B00087D
:10D80C000000000000000000099C0008010000005E
:10D81C0010000000000000000000000000000000EC
:10D82C0000000000010000000000000000000000EB
:04D83C0000000000E8
:040000050800920D50
:00000001FF
